sport,player,stat,direction,projection,line,edge,actual,hit,date,confidence
WNBA,Allisha Gray,AST,OVER,,,2.7,3.0,True,,
WNBA,Allisha Gray,AST,UNDER,,,-0.09999999999999964,3.0,False,,
WNBA,Allisha Gray,BLK,OVER,,,0.5,0.0,False,,
WNBA,Allisha Gray,BLK,UNDER,,,0.0,0.0,True,,
WNBA,Allisha Gray,P+A,OVER,,,16.2,32.0,True,,
WNBA,Allisha Gray,P+A,UNDER,,,-0.9000000000000021,32.0,False,,
WNBA,Allisha Gray,P+R,OVER,,,18.0,35.0,True,,
WNBA,Allisha Gray,P+R,UNDER,,,-1.0,35.0,False,,
WNBA,Allisha Gray,P+R+A,OVER,,,20.7,38.0,True,,
WNBA,Allisha Gray,P+R+A,UNDER,,,-1.1000000000000014,38.0,False,,
WNBA,Allisha Gray,PTS,OVER,,,13.5,29.0,True,,
WNBA,Allisha Gray,PTS,UNDER,,,-0.6999999999999993,29.0,False,,
WNBA,Allisha Gray,REB,OVER,,,4.5,6.0,True,,
WNBA,Allisha Gray,REB,UNDER,,,-0.2999999999999998,6.0,False,,
WNBA,Allisha Gray,STL,OVER,,,0.9,0.0,False,,
WNBA,Allisha Gray,STL,UNDER,,,0.0,0.0,True,,
WNBA,Arike Ogunbowale,AST,OVER,,,2.7,1.0,False,,
WNBA,Arike Ogunbowale,AST,UNDER,,,-0.09999999999999964,1.0,True,,
WNBA,Arike Ogunbowale,BLK,OVER,,,0.5,0.0,False,,
WNBA,Arike Ogunbowale,BLK,UNDER,,,0.0,0.0,True,,
WNBA,Arike Ogunbowale,P+A,OVER,,,16.2,21.0,True,,
WNBA,Arike Ogunbowale,P+A,UNDER,,,-0.9000000000000021,21.0,False,,
WNBA,Arike Ogunbowale,P+R,OVER,,,18.0,22.0,True,,
WNBA,Arike Ogunbowale,P+R,UNDER,,,-1.0,22.0,False,,
WNBA,Arike Ogunbowale,P+R+A,OVER,,,20.7,23.0,True,,
WNBA,Arike Ogunbowale,P+R+A,UNDER,,,-1.1000000000000014,23.0,False,,
WNBA,Arike Ogunbowale,PTS,OVER,,,13.5,20.0,True,,
WNBA,Arike Ogunbowale,PTS,UNDER,,,-0.6999999999999993,20.0,False,,
WNBA,Arike Ogunbowale,REB,OVER,,,4.5,2.0,False,,
WNBA,Arike Ogunbowale,REB,UNDER,,,-0.2999999999999998,2.0,True,,
WNBA,Arike Ogunbowale,STL,OVER,,,0.9,2.0,True,,
WNBA,Arike Ogunbowale,STL,UNDER,,,0.0,2.0,False,,
WNBA,Azura Stevens,AST,OVER,,,2.7,1.0,False,,
WNBA,Azura Stevens,AST,UNDER,,,-0.09999999999999964,1.0,True,,
WNBA,Azura Stevens,BLK,OVER,,,0.5,0.0,False,,
WNBA,Azura Stevens,BLK,UNDER,,,0.0,0.0,True,,
WNBA,Azura Stevens,P+A,OVER,,,16.2,21.0,True,,
WNBA,Azura Stevens,P+A,UNDER,,,-0.9000000000000021,21.0,False,,
WNBA,Azura Stevens,P+R,OVER,,,18.0,29.0,True,,
WNBA,Azura Stevens,P+R,UNDER,,,-1.0,29.0,False,,
WNBA,Azura Stevens,P+R+A,OVER,,,20.7,30.0,True,,
WNBA,Azura Stevens,P+R+A,UNDER,,,-1.1000000000000014,30.0,False,,
WNBA,Azura Stevens,PTS,OVER,,,13.5,20.0,True,,
WNBA,Azura Stevens,PTS,UNDER,,,-0.6999999999999993,20.0,False,,
WNBA,Azura Stevens,REB,OVER,,,4.5,9.0,True,,
WNBA,Azura Stevens,REB,UNDER,,,-0.2999999999999998,9.0,False,,
WNBA,Azura Stevens,STL,OVER,,,0.9,1.0,True,,
WNBA,Azura Stevens,STL,UNDER,,,0.0,1.0,False,,
WNBA,Brionna Jones,AST,OVER,,,2.7,1.0,False,,
WNBA,Brionna Jones,AST,UNDER,,,-0.09999999999999964,1.0,True,,
WNBA,Brionna Jones,BLK,OVER,,,0.5,0.0,False,,
WNBA,Brionna Jones,BLK,UNDER,,,0.0,0.0,True,,
WNBA,Brionna Jones,P+A,OVER,,,16.2,7.0,False,,
WNBA,Brionna Jones,P+A,UNDER,,,-0.9000000000000021,7.0,True,,
WNBA,Brionna Jones,P+R,OVER,,,18.0,16.0,False,,
WNBA,Brionna Jones,P+R,UNDER,,,-1.0,16.0,True,,
WNBA,Brionna Jones,P+R+A,OVER,,,20.7,17.0,False,,
WNBA,Brionna Jones,P+R+A,UNDER,,,-1.1000000000000014,17.0,True,,
WNBA,Brionna Jones,PTS,OVER,,,13.5,6.0,False,,
WNBA,Brionna Jones,PTS,UNDER,,,-0.6999999999999993,6.0,True,,
WNBA,Brionna Jones,REB,OVER,,,4.5,10.0,True,,
WNBA,Brionna Jones,REB,UNDER,,,-0.2999999999999998,10.0,False,,
WNBA,Brionna Jones,STL,OVER,,,0.9,0.0,False,,
WNBA,Brionna Jones,STL,UNDER,,,0.0,0.0,True,,
WNBA,Dearica Hamby,AST,OVER,,,2.7,3.0,True,,
WNBA,Dearica Hamby,AST,UNDER,,,-0.09999999999999964,3.0,False,,
WNBA,Dearica Hamby,BLK,OVER,,,0.5,0.0,False,,
WNBA,Dearica Hamby,BLK,UNDER,,,0.0,0.0,True,,
WNBA,Dearica Hamby,P+A,OVER,,,16.2,19.0,True,,
WNBA,Dearica Hamby,P+A,UNDER,,,-0.9000000000000021,19.0,False,,
WNBA,Dearica Hamby,P+R,OVER,,,18.0,21.0,True,,
WNBA,Dearica Hamby,P+R,UNDER,,,-1.0,21.0,False,,
WNBA,Dearica Hamby,P+R+A,OVER,,,20.7,24.0,True,,
WNBA,Dearica Hamby,P+R+A,UNDER,,,-1.1000000000000014,24.0,False,,
WNBA,Dearica Hamby,PTS,OVER,,,13.5,16.0,True,,
WNBA,Dearica Hamby,PTS,UNDER,,,-0.6999999999999993,16.0,False,,
WNBA,Dearica Hamby,REB,OVER,,,4.5,5.0,True,,
WNBA,Dearica Hamby,REB,UNDER,,,-0.2999999999999998,5.0,False,,
WNBA,Dearica Hamby,STL,OVER,,,0.9,1.0,True,,
WNBA,Dearica Hamby,STL,UNDER,,,0.0,1.0,False,,
WNBA,Jordin Canada,AST,OVER,,,2.7,9.0,True,,
WNBA,Jordin Canada,AST,UNDER,,,-0.09999999999999964,9.0,False,,
WNBA,Jordin Canada,BLK,OVER,,,0.5,0.0,False,,
WNBA,Jordin Canada,BLK,UNDER,,,0.0,0.0,True,,
WNBA,Jordin Canada,P+A,OVER,,,16.2,19.0,True,,
WNBA,Jordin Canada,P+A,UNDER,,,-0.9000000000000021,19.0,False,,
WNBA,Jordin Canada,P+R,OVER,,,18.0,13.0,False,,
WNBA,Jordin Canada,P+R,UNDER,,,-1.0,13.0,True,,
WNBA,Jordin Canada,P+R+A,OVER,,,20.7,22.0,True,,
WNBA,Jordin Canada,P+R+A,UNDER,,,-1.1000000000000014,22.0,False,,
WNBA,Jordin Canada,PTS,OVER,,,13.5,10.0,False,,
WNBA,Jordin Canada,PTS,UNDER,,,-0.6999999999999993,10.0,True,,
WNBA,Jordin Canada,REB,OVER,,,4.5,3.0,False,,
WNBA,Jordin Canada,REB,UNDER,,,-0.2999999999999998,3.0,True,,
WNBA,Jordin Canada,STL,OVER,,,0.9,3.0,True,,
WNBA,Jordin Canada,STL,UNDER,,,0.0,3.0,False,,
WNBA,Rhyne Howard,AST,OVER,,,2.7,6.0,True,,
WNBA,Rhyne Howard,AST,UNDER,,,-0.09999999999999964,6.0,False,,
WNBA,Rhyne Howard,BLK,OVER,,,0.5,3.0,True,,
WNBA,Rhyne Howard,BLK,UNDER,,,0.0,3.0,False,,
WNBA,Rhyne Howard,P+A,OVER,,,16.2,17.0,True,,
WNBA,Rhyne Howard,P+A,UNDER,,,-0.9000000000000021,17.0,False,,
WNBA,Rhyne Howard,P+R,OVER,,,18.0,17.0,False,,
WNBA,Rhyne Howard,P+R,UNDER,,,-1.0,17.0,True,,
WNBA,Rhyne Howard,P+R+A,OVER,,,20.7,23.0,True,,
WNBA,Rhyne Howard,P+R+A,UNDER,,,-1.1000000000000014,23.0,False,,
WNBA,Rhyne Howard,PTS,OVER,,,13.5,11.0,False,,
WNBA,Rhyne Howard,PTS,UNDER,,,-0.6999999999999993,11.0,True,,
WNBA,Rhyne Howard,REB,OVER,,,4.5,6.0,True,,
WNBA,Rhyne Howard,REB,UNDER,,,-0.2999999999999998,6.0,False,,
WNBA,Rhyne Howard,STL,OVER,,,0.9,0.0,False,,
WNBA,Rhyne Howard,STL,UNDER,,,0.0,0.0,True,,
MLB,LF  Daylen Lile,3B,UNDER,0.03,10.0,-9.97,1.0,False,,
MLB,1B  Andrés Chaparro,2B,UNDER,0.1,10.0,-9.9,1.0,False,,
MLB,CF  Jacob Young,SB,UNDER,0.1,10.0,-9.9,2.0,False,,
MLB,SS  CJ Abrams,SB,UNDER,0.14,10.0,-9.86,1.0,False,,
MLB,SS  CJ Abrams,2B,UNDER,0.17,10.0,-9.83,1.0,False,,
MLB,SS  CJ Abrams,HR,UNDER,0.21,10.0,-9.79,1.0,False,,
MLB,RF  Dylan Crews,BB,UNDER,0.23,10.0,-9.77,3.0,False,,
MLB,C   Keibert Ruiz,2B,UNDER,0.25,10.0,-9.75,1.0,False,,
MLB,2B  Nasim Nuñez,BB,UNDER,0.31,10.0,-9.69,2.0,False,,
MLB,1B  Andrés Chaparro,R,UNDER,0.34,10.0,-9.66,1.0,False,,
MLB,CF  Jacob Young,R,UNDER,0.35,10.0,-9.65,1.0,False,,
MLB,1B  Andrés Chaparro,H,UNDER,0.36,10.0,-9.64,1.0,False,,
MLB,3B  Curtis Mead,BB,UNDER,0.37,10.0,-9.63,2.0,False,,
MLB,LF  Daylen Lile,RBI,UNDER,0.42,10.0,-9.58,2.0,False,,
MLB,3B  Curtis Mead,R,UNDER,0.48,10.0,-9.52,1.0,False,,
MLB,RF  Dylan Crews,R,UNDER,0.49,10.0,-9.51,1.0,False,,
MLB,SS  CJ Abrams,R,UNDER,0.55,10.0,-9.45,1.0,False,,
MLB,CF  Jacob Young,H,UNDER,0.61,10.0,-9.39,2.0,False,,
MLB,SS  CJ Abrams,RBI,UNDER,0.66,10.0,-9.34,3.0,False,,
MLB,CF  Tristan Peters,BB,UNDER,0.18,9.5,-9.32,1.0,False,,
MLB,C   Keibert Ruiz,H,UNDER,0.75,10.0,-9.25,1.0,False,,
MLB,LF  Daylen Lile,H,UNDER,0.82,10.0,-9.18,1.0,False,,
MLB,RF  James Wood,H,UNDER,0.9,10.0,-9.1,1.0,False,,
MLB,SS  CJ Abrams,H,UNDER,0.94,10.0,-9.06,3.0,False,,
MLB,SS  Colson Montgomery,RBI,UNDER,0.52,9.5,-8.98,1.0,False,,
MLB,3B  Nick Loftin,HR,UNDER,0.05,9.0,-8.95,1.0,False,,
MLB,LF  Tommy Edman,SB,UNDER,0.06,9.0,-8.94,1.0,False,,
MLB,RF  Kyle Tucker,HR,UNDER,0.07,9.0,-8.93,1.0,False,,
MLB,3B  Miguel Vargas,R,UNDER,0.59,9.5,-8.91,1.0,False,,
MLB,CF  Tyrone Taylor,2B,UNDER,0.1,9.0,-8.9,1.0,False,,
MLB,DH  Salvador Perez,HR,UNDER,0.12,9.0,-8.88,1.0,False,,
MLB,LF  Teoscar Hernández,2B,UNDER,0.12,9.0,-8.88,1.0,False,,
MLB,CF  Tristan Peters,H,UNDER,0.69,9.5,-8.81,1.0,False,,
MLB,1B  Munetaka Murakami,H,UNDER,0.7,9.5,-8.8,1.0,False,,
MLB,SS  Colson Montgomery,H,UNDER,0.71,9.5,-8.79,1.0,False,,
MLB,C   Francisco Alvarez,BB,UNDER,0.25,9.0,-8.75,2.0,False,,
MLB,CF  Tyrone Taylor,RBI,UNDER,0.26,9.0,-8.74,2.0,False,,
MLB,3B  Miguel Vargas,H,UNDER,0.77,9.5,-8.73,1.0,False,,
MLB,RF  Braden Montgomery,H,UNDER,0.79,9.5,-8.71,1.0,False,,
MLB,LF  Teoscar Hernández,BB,UNDER,0.3,9.0,-8.7,1.0,False,,
MLB,2B  Michael Massey,RBI,UNDER,0.32,9.0,-8.68,1.0,False,,
MLB,DH  Salvador Perez,R,UNDER,0.32,9.0,-8.68,1.0,False,,
MLB,3B  Brett Baty,R,UNDER,0.34,9.0,-8.66,1.0,False,,
MLB,3B  Nick Loftin,R,UNDER,0.35,9.0,-8.65,1.0,False,,
MLB,SS  Francisco Lindor,BB,UNDER,0.35,9.0,-8.65,2.0,False,,
MLB,1B  Vinnie Pasquantino,R,UNDER,0.36,9.0,-8.64,1.0,False,,
MLB,DH  Salvador Perez,RBI,UNDER,0.37,9.0,-8.63,1.0,False,,
MLB,CF  Luis Robert Jr.,R,UNDER,0.37,9.0,-8.63,1.0,False,,
MLB,C   Dalton Rushing,R,UNDER,0.39,9.0,-8.61,1.0,False,,
MLB,CF  Luis Robert Jr.,BB,UNDER,0.4,9.0,-8.6,2.0,False,,
MLB,3B  Nick Loftin,RBI,UNDER,0.41,9.0,-8.59,1.0,False,,
MLB,RF  Kyle Tucker,BB,UNDER,0.42,9.0,-8.58,1.0,False,,
MLB,CF  Tyrone Taylor,H,UNDER,0.43,9.0,-8.57,1.0,False,,
MLB,RF  Kyle Tucker,RBI,UNDER,0.43,9.0,-8.57,1.0,False,,
MLB,3B  Bo Bichette,RBI,UNDER,0.43,9.0,-8.57,1.0,False,,
MLB,RF  Carson Benge,R,UNDER,0.45,9.0,-8.55,1.0,False,,
MLB,RF  Kyle Tucker,R,UNDER,0.47,9.0,-8.53,1.0,False,,
MLB,LF  Teoscar Hernández,R,UNDER,0.49,9.0,-8.51,1.0,False,,
MLB,CF  Andy Pages,R,UNDER,0.49,9.0,-8.51,1.0,False,,
MLB,CF  Andy Pages,RBI,UNDER,0.54,9.0,-8.46,2.0,False,,
MLB,3B  Luis Rengifo,SB,UNDER,0.04,8.5,-8.46,1.0,False,,
MLB,2B  Pedro Ramírez,SB,UNDER,0.05,8.5,-8.45,1.0,False,,
MLB,2B  Jake Cronenworth,SB,UNDER,0.06,8.5,-8.44,1.0,False,,
MLB,RF  Jase Bowen,RBI,UNDER,0.07,8.5,-8.43,2.0,False,,
MLB,C   Dalton Rushing,H,UNDER,0.59,9.0,-8.41,1.0,False,,
MLB,SS  Dansby Swanson,2B,UNDER,0.1,8.5,-8.4,1.0,False,,
MLB,3B  Brett Baty,H,UNDER,0.61,9.0,-8.39,1.0,False,,
MLB,3B  Nick Loftin,H,UNDER,0.62,9.0,-8.38,1.0,False,,
MLB,DH  Iván Herrera,2B,UNDER,0.12,8.5,-8.38,1.0,False,,
MLB,CF  Jackson Merrill,2B,UNDER,0.12,8.5,-8.38,2.0,False,,
MLB,2B  Pedro Ramírez,BB,UNDER,0.13,8.5,-8.37,1.0,False,,
MLB,3B  Manny Machado,2B,UNDER,0.13,8.5,-8.37,1.0,False,,
MLB,CF  Pete Crow-Armstrong,2B,UNDER,0.14,8.5,-8.36,2.0,False,,
MLB,2B  Pedro Ramírez,2B,UNDER,0.16,8.5,-8.34,1.0,False,,
MLB,RF  Jase Bowen,H,UNDER,0.17,8.5,-8.33,1.0,False,,
MLB,DH  Salvador Perez,H,UNDER,0.68,9.0,-8.32,1.0,False,,
MLB,CF  Pete Crow-Armstrong,HR,UNDER,0.18,8.5,-8.32,1.0,False,,
MLB,RF  Jordan Walker,2B,UNDER,0.19,8.5,-8.31,1.0,False,,
MLB,2B  Jake Cronenworth,RBI,UNDER,0.19,8.5,-8.31,1.0,False,,
MLB,C   Carter Jensen,H,UNDER,0.7,9.0,-8.3,2.0,False,,
MLB,1B  Vinnie Pasquantino,H,UNDER,0.7,9.0,-8.3,3.0,False,,
MLB,CF  Pete Crow-Armstrong,SB,UNDER,0.2,8.5,-8.3,1.0,False,,
MLB,RF  Kyle Tucker,H,UNDER,0.72,9.0,-8.28,1.0,False,,
MLB,LF  Teoscar Hernández,H,UNDER,0.72,9.0,-8.28,1.0,False,,
MLB,C   Francisco Alvarez,H,UNDER,0.73,9.0,-8.27,1.0,False,,
MLB,C   Miguel Amaya,RBI,UNDER,0.23,8.5,-8.27,2.0,False,,
MLB,LF  Bryan Torres,RBI,UNDER,0.25,8.5,-8.25,1.0,False,,
MLB,LF  Bryan Torres,R,UNDER,0.25,8.5,-8.25,1.0,False,,
MLB,SS  Mookie Betts,H,UNDER,0.76,9.0,-8.24,1.0,False,,
MLB,3B  Luis Rengifo,BB,UNDER,0.27,8.5,-8.23,1.0,False,,
MLB,2B  Pedro Ramírez,R,UNDER,0.27,8.5,-8.23,2.0,False,,
MLB,2B  Pedro Ramírez,RBI,UNDER,0.3,8.5,-8.2,1.0,False,,
MLB,CF  Nathan Church,RBI,UNDER,0.3,8.5,-8.2,1.0,False,,
MLB,C   Freddy Fermin,H,UNDER,0.31,8.5,-8.19,1.0,False,,
MLB,2B  Jake Cronenworth,R,UNDER,0.31,8.5,-8.19,2.0,False,,
MLB,2B  Jake Cronenworth,BB,UNDER,0.31,8.5,-8.19,2.0,False,,
MLB,1B  Ty France,R,UNDER,0.32,8.5,-8.18,1.0,False,,
MLB,RF  Fernando Tatis Jr.,BB,UNDER,0.32,8.5,-8.18,1.0,False,,
MLB,2B  Nico Hoerner,R,UNDER,0.33,8.5,-8.17,1.0,False,,
MLB,SS  Dansby Swanson,BB,UNDER,0.33,8.5,-8.17,1.0,False,,
MLB,RF  Carson Benge,H,UNDER,0.85,9.0,-8.15,1.0,False,,
MLB,CF  Andy Pages,H,UNDER,0.85,9.0,-8.15,1.0,False,,
MLB,DH  Iván Herrera,RBI,UNDER,0.35,8.5,-8.15,2.0,False,,
MLB,1B  Gavin Sheets,RBI,UNDER,0.35,8.5,-8.15,1.0,False,,
MLB,SS  Masyn Winn,R,UNDER,0.36,8.5,-8.14,1.0,False,,
MLB,3B  Bo Bichette,H,UNDER,0.87,9.0,-8.13,2.0,False,,
MLB,LF  Bryan Torres,H,UNDER,0.37,8.5,-8.13,1.0,False,,
MLB,C   Miguel Amaya,R,UNDER,0.39,8.5,-8.11,2.0,False,,
MLB,2B  JJ Wetherholt,BB,UNDER,0.39,8.5,-8.11,1.0,False,,
MLB,CF  Jackson Merrill,R,UNDER,0.39,8.5,-8.11,2.0,False,,
MLB,LF  Lars Nootbaar,R,UNDER,0.4,8.5,-8.1,1.0,False,,
MLB,1B  Freddie Freeman,H,UNDER,0.92,9.0,-8.08,3.0,False,,
MLB,RF  Fernando Tatis Jr.,R,UNDER,0.42,8.5,-8.08,1.0,False,,
MLB,3B  Alex Bregman,BB,UNDER,0.43,8.5,-8.07,1.0,False,,
MLB,3B  Manny Machado,R,UNDER,0.43,8.5,-8.07,1.0,False,,
MLB,LF  Lars Nootbaar,BB,UNDER,0.44,8.5,-8.06,1.0,False,,
MLB,1B  Michael Busch,RBI,UNDER,0.44,8.5,-8.06,2.0,False,,
MLB,CF  Pete Crow-Armstrong,RBI,UNDER,0.45,8.5,-8.05,3.0,False,,
MLB,1B  Alec Burleson,R,UNDER,0.46,8.5,-8.04,1.0,False,,
MLB,1B  Ty France,RBI,UNDER,0.46,8.5,-8.04,3.0,False,,
MLB,LF  Ian Happ,BB,UNDER,0.47,8.5,-8.03,1.0,False,,
MLB,C   Miguel Amaya,H,UNDER,0.48,8.5,-8.02,2.0,False,,
MLB,SS  Dansby Swanson,RBI,UNDER,0.5,8.5,-8.0,1.0,False,,
MLB,RF  Seiya Suzuki,RBI,UNDER,0.52,8.5,-7.98,2.0,False,,
MLB,SS  Dansby Swanson,R,UNDER,0.53,8.5,-7.97,2.0,False,,
MLB,2B  Jake Cronenworth,H,UNDER,0.53,8.5,-7.97,1.0,False,,
MLB,CF  Pete Crow-Armstrong,R,UNDER,0.54,8.5,-7.96,3.0,False,,
MLB,DH  Iván Herrera,R,UNDER,0.54,8.5,-7.96,1.0,False,,
MLB,RF  Jung Hoo Lee,HR,UNDER,0.05,8.0,-7.95,1.0,False,,
MLB,2B  Pedro Ramírez,H,UNDER,0.56,8.5,-7.939999999999999,2.0,False,,
MLB,2B  JJ Wetherholt,R,UNDER,0.57,8.5,-7.93,2.0,False,,
MLB,CF  Jose Siri,2B,UNDER,0.07,8.0,-7.93,1.0,False,,
MLB,C   Austin Wells,HR,UNDER,0.07,8.0,-7.93,1.0,False,,
MLB,3B  Blaze Jordan,RBI,UNDER,0.58,8.5,-7.92,2.0,False,,
MLB,1B  Alec Burleson,RBI,UNDER,0.59,8.5,-7.91,1.0,False,,
MLB,CF  Jose Siri,BB,UNDER,0.1,8.0,-7.9,1.0,False,,
MLB,RF  Jasson Domínguez,HR,UNDER,0.1,8.0,-7.9,1.0,False,,
MLB,SS  Dansby Swanson,H,UNDER,0.61,8.5,-7.89,2.0,False,,
MLB,RF  Jo Adell,BB,UNDER,0.11,8.0,-7.89,1.0,False,,
MLB,C   Daniel Susac,R,UNDER,0.11,8.0,-7.89,1.0,False,,
MLB,3B  Luis Rengifo,H,UNDER,0.62,8.5,-7.88,1.0,False,,
MLB,SS  Xander Bogaerts,H,UNDER,0.63,8.5,-7.87,1.0,False,,
MLB,3B  Manny Machado,H,UNDER,0.64,8.5,-7.86,1.0,False,,
MLB,LF  Josh Lowe,BB,UNDER,0.14,8.0,-7.86,1.0,False,,
MLB,C   Austin Wells,RBI,UNDER,0.15,8.0,-7.85,1.0,False,,
MLB,LF  Cody Bellinger,2B,UNDER,0.16,8.0,-7.84,1.0,False,,
MLB,1B  Rafael Devers,HR,UNDER,0.18,8.0,-7.82,1.0,False,,
MLB,3B  Blaze Jordan,H,UNDER,0.69,8.5,-7.81,1.0,False,,
MLB,RF  Jung Hoo Lee,2B,UNDER,0.19,8.0,-7.81,1.0,False,,
MLB,SS  Willy Adames,2B,UNDER,0.19,8.0,-7.81,1.0,False,,
MLB,CF  Drew Gilbert,BB,UNDER,0.21,8.0,-7.79,1.0,False,,
MLB,CF  Jackson Merrill,H,UNDER,0.72,8.5,-7.78,3.0,False,,
MLB,1B  Ty France,H,UNDER,0.72,8.5,-7.78,2.0,False,,
MLB,1B  Rafael Devers,2B,UNDER,0.22,8.0,-7.78,1.0,False,,
MLB,SS  Masyn Winn,H,UNDER,0.73,8.5,-7.77,1.0,False,,
MLB,RF  Jasson Domínguez,RBI,UNDER,0.23,8.0,-7.77,1.0,False,,
MLB,1B  Michael Busch,H,UNDER,0.74,8.5,-7.76,3.0,False,,
MLB,2B  Vaughn Grissom,BB,UNDER,0.24,8.0,-7.76,1.0,False,,
MLB,C   Austin Wells,R,UNDER,0.24,8.0,-7.76,2.0,False,,
MLB,CF  Drew Gilbert,R,UNDER,0.25,8.0,-7.75,1.0,False,,
MLB,DH  Iván Herrera,H,UNDER,0.77,8.5,-7.73,2.0,False,,
MLB,RF  Jung Hoo Lee,RBI,UNDER,0.31,8.0,-7.69,3.0,False,,
MLB,RF  Jasson Domínguez,R,UNDER,0.31,8.0,-7.69,1.0,False,,
MLB,2B  Nico Hoerner,H,UNDER,0.82,8.5,-7.68,1.0,False,,
MLB,CF  Jose Siri,R,UNDER,0.32,8.0,-7.68,2.0,False,,
MLB,C   Austin Wells,BB,UNDER,0.32,8.0,-7.68,1.0,False,,
MLB,RF  Seiya Suzuki,H,UNDER,0.83,8.5,-7.67,1.0,False,,
MLB,2B  Luis Arraez,RBI,UNDER,0.33,8.0,-7.67,1.0,False,,
MLB,CF  Pete Crow-Armstrong,H,UNDER,0.88,8.5,-7.62,4.0,False,,
MLB,C   Austin Wells,H,UNDER,0.39,8.0,-7.61,1.0,False,,
MLB,LF  Casey Schmitt,R,UNDER,0.42,8.0,-7.58,1.0,False,,
MLB,CF  Jose Siri,H,UNDER,0.42,8.0,-7.58,2.0,False,,
MLB,1B  Alec Burleson,H,UNDER,0.93,8.5,-7.57,3.0,False,,
MLB,2B  Luis Arraez,R,UNDER,0.43,8.0,-7.57,2.0,False,,
MLB,LF  Cody Bellinger,RBI,UNDER,0.43,8.0,-7.57,1.0,False,,
MLB,LF  Heliot Ramos,R,UNDER,0.44,8.0,-7.56,1.0,False,,
MLB,DH  Bryce Eldridge,BB,UNDER,0.45,8.0,-7.55,1.0,False,,
MLB,1B  Rafael Devers,R,UNDER,0.45,8.0,-7.55,2.0,False,,
MLB,RF  Jordan Walker,H,UNDER,0.96,8.5,-7.54,2.0,False,,
MLB,RF  Jung Hoo Lee,R,UNDER,0.46,8.0,-7.54,1.0,False,,
MLB,1B  Rafael Devers,RBI,UNDER,0.46,8.0,-7.54,4.0,False,,
MLB,LF  Casey Schmitt,RBI,UNDER,0.49,8.0,-7.51,1.0,False,,
MLB,CF  Drew Gilbert,H,UNDER,0.52,8.0,-7.48,1.0,False,,
MLB,2B  Vaughn Grissom,RBI,UNDER,0.53,8.0,-7.47,1.0,False,,
MLB,C   Logan O'Hoppe,H,UNDER,0.54,8.0,-7.46,2.0,False,,
MLB,SS  José Caballero,H,UNDER,0.66,8.0,-7.34,1.0,False,,
MLB,2B  Vaughn Grissom,H,UNDER,0.7,8.0,-7.3,1.0,False,,
MLB,CF  Mike Trout,H,UNDER,0.7,8.0,-7.3,2.0,False,,
MLB,CF  Mike Trout,BB,UNDER,0.72,8.0,-7.28,1.0,False,,
MLB,RF  Jasson Domínguez,H,UNDER,0.72,8.0,-7.28,1.0,False,,
MLB,1B  Paul Goldschmidt,H,UNDER,0.74,8.0,-7.26,2.0,False,,
MLB,SS  Willy Adames,H,UNDER,0.76,8.0,-7.24,1.0,False,,
MLB,LF  Cody Bellinger,H,UNDER,0.78,8.0,-7.22,2.0,False,,
MLB,RF  Jo Adell,H,UNDER,0.78,8.0,-7.22,1.0,False,,
MLB,1B  Rafael Devers,H,UNDER,0.8,8.0,-7.2,3.0,False,,
MLB,1B  Nolan Schanuel,H,UNDER,0.87,8.0,-7.13,1.0,False,,
MLB,LF  Heliot Ramos,H,UNDER,0.88,8.0,-7.12,1.0,False,,
MLB,LF  Casey Schmitt,H,UNDER,0.94,8.0,-7.0600000000000005,1.0,False,,
MLB,RF  Jung Hoo Lee,H,UNDER,0.98,8.0,-7.02,2.0,False,,
MLB,DH  Joc Pederson,SB,UNDER,0.01,7.0,-6.99,1.0,False,,
MLB,SS  Ezequiel Duran,3B,UNDER,0.02,7.0,-6.98,1.0,False,,
MLB,2B  Ernie Clement,SB,UNDER,0.02,7.0,-6.98,1.0,False,,
MLB,SS  Cooper Pratt,HR,UNDER,0.03,7.0,-6.97,1.0,False,,
MLB,1B  Pete Alonso,SB,UNDER,0.03,7.0,-6.97,1.0,False,,
MLB,2B  Jackson Holliday,2B,UNDER,0.05,7.0,-6.95,1.0,False,,
mlb,Jorbit Vivas,HR,UNDER,0.03,,-9.97,0.0,True,,
mlb,José Tena,SB,UNDER,0.03,,-9.97,0.0,True,,
mlb,Keibert Ruiz,SB,UNDER,0.03,,-9.97,0.0,True,,
mlb,Nasim Nuñez,3B,UNDER,0.03,,-9.97,0.0,True,,
mlb,Daylen Lile,3B,UNDER,0.03,,-9.97,1.0,False,,
mlb,Nasim Nuñez,2B,UNDER,0.04,,-9.96,0.0,True,,
mlb,Luis García Jr.,3B,UNDER,0.04,,-9.96,0.0,True,,
mlb,Luis García Jr.,SB,UNDER,0.04,,-9.96,0.0,True,,
mlb,José Tena,HR,UNDER,0.06,,-9.94,0.0,True,,
mlb,Curtis Mead,SB,UNDER,0.06,,-9.94,0.0,True,,
mlb,Daylen Lile,SB,UNDER,0.08,,-9.92,0.0,True,,
mlb,Jacob Young,HR,UNDER,0.08,,-9.92,0.0,True,,
mlb,Daylen Lile,HR,UNDER,0.09,,-9.91,0.0,True,,
mlb,Keibert Ruiz,HR,UNDER,0.09,,-9.91,0.0,True,,
mlb,Jorbit Vivas,2B,UNDER,0.09,,-9.91,0.0,True,,
mlb,Dylan Crews,2B,UNDER,0.1,,-9.9,0.0,True,,
mlb,Andrés Chaparro,HR,UNDER,0.1,,-9.9,0.0,True,,
mlb,Andrés Chaparro,2B,UNDER,0.1,,-9.9,1.0,False,,
mlb,Dylan Crews,SB,UNDER,0.1,,-9.9,0.0,True,,
mlb,Jacob Young,SB,UNDER,0.1,,-9.9,2.0,False,,
mlb,Keibert Ruiz,BB,UNDER,0.1,,-9.9,0.0,True,,
mlb,José Tena,2B,UNDER,0.11,,-9.89,0.0,True,,
mlb,Jacob Young,2B,UNDER,0.11,,-9.89,0.0,True,,
mlb,James Wood,SB,UNDER,0.13,,-9.87,0.0,True,,
mlb,Dylan Crews,HR,UNDER,0.13,,-9.87,0.0,True,,
mlb,CJ Abrams,SB,UNDER,0.14,,-9.86,1.0,False,,
mlb,Luis García Jr.,2B,UNDER,0.14,,-9.86,0.0,True,,
mlb,Luis García Jr.,BB,UNDER,0.14,,-9.86,0.0,True,,
mlb,Jacob Young,BB,UNDER,0.16,,-9.84,0.0,True,,
mlb,CJ Abrams,2B,UNDER,0.17,,-9.83,1.0,False,,
mlb,Curtis Mead,HR,UNDER,0.17,,-9.83,0.0,True,,
mlb,José Tena,BB,UNDER,0.17,,-9.83,0.0,True,,
mlb,Curtis Mead,2B,UNDER,0.17,,-9.83,0.0,True,,
mlb,Daylen Lile,2B,UNDER,0.19,,-9.81,0.0,True,,
mlb,Luis García Jr.,HR,UNDER,0.19,,-9.81,0.0,True,,
mlb,James Wood,2B,UNDER,0.21,,-9.79,0.0,True,,
mlb,Jorbit Vivas,RBI,UNDER,0.21,,-9.79,0.0,True,,
mlb,CJ Abrams,HR,UNDER,0.21,,-9.79,1.0,False,,
mlb,Daylen Lile,BB,UNDER,0.22,,-9.78,0.0,True,,
mlb,Dylan Crews,BB,UNDER,0.23,,-9.77,3.0,False,,
mlb,José Tena,RBI,UNDER,0.23,,-9.77,0.0,True,,
mlb,James Wood,HR,UNDER,0.23,,-9.77,0.0,True,,
mlb,Jorbit Vivas,BB,UNDER,0.24,,-9.76,0.0,True,,
mlb,Keibert Ruiz,2B,UNDER,0.25,,-9.75,1.0,False,,
mlb,Jorbit Vivas,R,UNDER,0.26,,-9.74,0.0,True,,
mlb,Nasim Nuñez,RBI,UNDER,0.27,,-9.73,0.0,True,,
mlb,Andrés Chaparro,BB,UNDER,0.29,,-9.71,0.0,True,,
mlb,José Tena,R,UNDER,0.3,,-9.7,0.0,True,,
mlb,Jacob Young,RBI,UNDER,0.31,,-9.69,0.0,True,,
mlb,Nasim Nuñez,BB,UNDER,0.31,,-9.69,2.0,False,,
mlb,CJ Abrams,BB,UNDER,0.31,,-9.69,0.0,True,,
mlb,Nasim Nuñez,SB,UNDER,0.33,,-9.67,0.0,True,,
mlb,Andrés Chaparro,R,UNDER,0.34,,-9.66,1.0,False,,
mlb,Jacob Young,R,UNDER,0.35,,-9.65,1.0,False,,
mlb,Andrés Chaparro,H,UNDER,0.36,,-9.64,1.0,False,,
mlb,Curtis Mead,BB,UNDER,0.37,,-9.63,2.0,False,,
mlb,Dylan Crews,RBI,UNDER,0.38,,-9.62,0.0,True,,
mlb,Nasim Nuñez,R,UNDER,0.4,,-9.6,0.0,True,,
mlb,Keibert Ruiz,R,UNDER,0.41,,-9.59,0.0,True,,
mlb,Daylen Lile,RBI,UNDER,0.42,,-9.58,2.0,False,,
mlb,Luis García Jr.,R,UNDER,0.42,,-9.58,0.0,True,,
mlb,Andrés Chaparro,RBI,UNDER,0.43,,-9.57,0.0,True,,
mlb,Daylen Lile,R,UNDER,0.44,,-9.56,0.0,True,,
mlb,Keibert Ruiz,RBI,UNDER,0.45,,-9.55,0.0,True,,
mlb,Curtis Mead,RBI,UNDER,0.48,,-9.52,0.0,True,,
mlb,Curtis Mead,R,UNDER,0.48,,-9.52,1.0,False,,
mlb,Dylan Crews,R,UNDER,0.49,,-9.51,1.0,False,,
mlb,José Tena,H,UNDER,0.51,,-9.49,0.0,True,,
mlb,Jorbit Vivas,H,UNDER,0.52,,-9.48,0.0,True,,
mlb,CJ Abrams,R,UNDER,0.55,,-9.45,1.0,False,,
mlb,James Wood,RBI,UNDER,0.58,,-9.42,0.0,True,,
mlb,Jacob Young,H,UNDER,0.61,,-9.39,2.0,False,,
mlb,Luis García Jr.,RBI,UNDER,0.63,,-9.37,0.0,True,,
mlb,CJ Abrams,RBI,UNDER,0.66,,-9.34,3.0,False,,
mlb,Nasim Nuñez,H,UNDER,0.66,,-9.34,0.0,True,,
mlb,James Wood,BB,UNDER,0.68,,-9.32,0.0,True,,
mlb,Dylan Crews,H,UNDER,0.7,,-9.3,0.0,True,,
mlb,Curtis Mead,H,UNDER,0.73,,-9.27,0.0,True,,
mlb,Keibert Ruiz,H,UNDER,0.75,,-9.25,1.0,False,,
mlb,James Wood,R,UNDER,0.78,,-9.22,0.0,True,,
mlb,Luis García Jr.,H,UNDER,0.81,,-9.19,0.0,True,,
mlb,Daylen Lile,H,UNDER,0.82,,-9.18,1.0,False,,
mlb,James Wood,H,UNDER,0.9,,-9.1,1.0,False,,
mlb,CJ Abrams,H,UNDER,0.94,,-9.06,3.0,False,,
WNBA,Caitlin Clark,PTS,OVER,19.8,19.4,0.6,17.0,False,,
WNBA,Caitlin Clark,PRA,OVER,29.9,29.3,0.6,26.0,False,,
WNBA,Caitlin Clark,PR,UNDER,22.9,23.36,0.46,21.0,True,,
WNBA,Caitlin Clark,PA,UNDER,26.8,27.34,0.54,22.0,True,,
WNBA,A'ja Wilson,PTS,OVER,26.8,26.26,0.81,12.0,False,,
WNBA,A'ja Wilson,PRA,UNDER,39.5,40.29,0.79,16.0,True,,
WNBA,A'ja Wilson,PR,OVER,36.3,35.57,0.73,15.0,False,,
WNBA,A'ja Wilson,PA,UNDER,30.1,30.7,0.6,13.0,True,,
WNBA,Olivia Miles,PTS,OVER,18.1,17.74,0.54,11.0,False,,
WNBA,Olivia Miles,PRA,OVER,27.1,26.56,0.54,31.0,True,,
WNBA,Olivia Miles,PR,OVER,22.1,21.66,0.44,23.0,True,,
WNBA,Olivia Miles,PA,UNDER,23.1,23.56,0.46,19.0,True,,
WNBA,Aliyah Boston,PRA,OVER,32.9,32.24,0.66,1.0,False,,
WNBA,Aliyah Boston,PR,UNDER,29.4,29.99,0.59,1.0,True,,
WNBA,Jessica Shepard,PTS,UNDER,15.5,15.81,0.47,7.0,True,,
WNBA,Jessica Shepard,PRA,OVER,32.6,31.95,0.65,17.0,False,,
WNBA,Jessica Shepard,PR,OVER,27.2,26.66,0.54,12.0,False,,
WNBA,Jessica Shepard,PA,UNDER,20.9,21.32,0.42,12.0,True,,
WNBA,Rhyne Howard,PTS,OVER,17.3,16.95,0.53,8.0,False,,
WNBA,Rhyne Howard,PRA,UNDER,24.4,24.89,0.49,14.0,True,,
WNBA,Rhyne Howard,PR,OVER,21.6,21.17,0.43,11.0,False,,
WNBA,Rhyne Howard,PA,UNDER,20.1,20.5,0.4,11.0,True,,
WNBA,Jonquel Jones,PTS,UNDER,14.8,15.1,0.45,22.0,False,,
WNBA,Jonquel Jones,PRA,OVER,27.8,27.24,0.56,43.0,True,,
WNBA,Jonquel Jones,PR,OVER,24.9,24.4,0.5,35.0,True,,
WNBA,Jonquel Jones,PA,OVER,17.6,17.25,0.35,30.0,True,,
WNBA,Courtney Williams,PTS,UNDER,14.6,14.89,0.44,12.0,True,,
WNBA,Courtney Williams,PRA,OVER,25.1,24.6,0.5,20.0,False,,
WNBA,Courtney Williams,PR,UNDER,21.0,21.42,0.42,13.0,True,,
WNBA,Courtney Williams,PA,OVER,18.6,18.23,0.37,19.0,True,,
WNBA,Kiki Iriafen,PTS,OVER,12.4,12.15,0.38,10.0,False,,
WNBA,Kiki Iriafen,PRA,UNDER,23.6,24.07,0.47,16.0,True,,
WNBA,Kiki Iriafen,PR,UNDER,21.3,21.73,0.43,16.0,True,,
WNBA,Nneka Ogwumike,PTS,UNDER,17.0,17.34,0.51,11.0,True,,
WNBA,Nneka Ogwumike,PRA,UNDER,29.7,30.29,0.59,23.0,True,,
WNBA,Nneka Ogwumike,PR,UNDER,26.7,27.23,0.53,20.0,True,,
WNBA,Nneka Ogwumike,PA,UNDER,20.0,20.4,0.4,14.0,True,,
WNBA,Paige Bueckers,PTS,UNDER,24.6,25.09,0.73,12.0,True,,
WNBA,Paige Bueckers,PRA,OVER,35.4,34.69,0.71,19.0,False,,
WNBA,Paige Bueckers,PR,UNDER,29.9,30.5,0.6,12.0,True,,
WNBA,Paige Bueckers,PA,UNDER,30.1,30.7,0.6,19.0,True,,
WNBA,Breanna Stewart,PTS,UNDER,23.6,24.07,0.7,6.0,True,,
WNBA,Breanna Stewart,PRA,UNDER,34.9,35.6,0.7,26.0,True,,
WNBA,Breanna Stewart,PR,OVER,31.4,30.77,0.63,19.0,False,,
WNBA,Breanna Stewart,PA,OVER,27.1,26.56,0.54,13.0,False,,
WNBA,Kelsey Mitchell,PTS,OVER,25.9,25.38,0.78,28.0,True,,
WNBA,Kelsey Mitchell,PRA,UNDER,31.3,31.93,0.63,34.0,False,,
WNBA,Kelsey Mitchell,PR,OVER,27.7,27.15,0.55,32.0,True,,
WNBA,Kelsey Mitchell,PA,OVER,29.5,28.91,0.59,30.0,True,,
WNBA,Natasha Howard,PTS,OVER,15.5,15.19,0.51,8.0,False,,
WNBA,Natasha Howard,PRA,OVER,26.8,26.26,0.59,12.0,False,,
WNBA,Natasha Howard,PR,OVER,24.4,23.91,0.54,12.0,False,,
WNBA,Natasha Howard,PA,UNDER,17.9,18.26,0.4,8.0,True,,
WNBA,Angel Reese,PRA,OVER,30.4,29.79,0.61,9.0,False,,
WNBA,Angel Reese,PR,OVER,27.6,27.05,0.55,5.0,False,,
WNBA,Angel Reese,PA,UNDER,18.4,18.77,0.37,4.0,True,,
WNBA,Marina Mabrey,PTS,UNDER,22.3,22.75,0.74,23.0,False,,
WNBA,Marina Mabrey,PRA,UNDER,28.5,29.07,0.63,28.0,True,,
WNBA,Marina Mabrey,PR,UNDER,24.8,25.3,0.55,26.0,False,,
WNBA,Marina Mabrey,PA,OVER,26.0,25.48,0.57,25.0,False,,
WNBA,Dominique Malonga,PTS,OVER,15.9,15.58,0.48,12.0,False,,
WNBA,Dominique Malonga,PRA,UNDER,25.5,26.01,0.51,26.0,False,,
WNBA,Dominique Malonga,PR,OVER,24.0,23.52,0.48,25.0,True,,
WNBA,Jackie Young,PTS,OVER,21.7,21.27,0.64,3.0,False,,
WNBA,Jackie Young,PRA,UNDER,33.7,34.37,0.67,6.0,True,,
WNBA,Jackie Young,PR,OVER,26.0,25.48,0.52,3.0,False,,
WNBA,Jackie Young,PA,UNDER,29.4,29.99,0.59,6.0,True,,
WNBA,Sonia Citron,PTS,OVER,20.6,20.19,0.62,8.0,False,,
WNBA,Sonia Citron,PRA,OVER,28.4,27.83,0.57,11.0,False,,
WNBA,Sonia Citron,PR,UNDER,25.3,25.81,0.51,9.0,True,,
WNBA,Sonia Citron,PA,OVER,23.7,23.23,0.47,10.0,False,,
WNBA,Kelsey Plum,PTS,UNDER,14.7,14.99,0.48,28.0,False,,
WNBA,Kelsey Plum,PRA,UNDER,23.7,24.17,0.52,34.0,False,,
WNBA,Kelsey Plum,PA,UNDER,21.0,21.42,0.46,30.0,False,,
WNBA,Olivia Miles,STL,OVER,0.8,,0.8,1.0,True,2026-06-13,
WNBA,Kayla McBride,3PM,OVER,1.0,1.5,1.0,3.0,True,2026-06-13,
WNBA,A'ja Wilson,BLK,OVER,0.8,,0.8,3.0,True,2026-06-13,
WNBA,Jewell Loyd,3PM,OVER,0.9,1.5,0.9,2.0,True,2026-06-13,
WNBA,Jackie Young,3PM,OVER,0.8,1.5,0.8,1.0,True,2026-06-13,
WNBA,Arike Ogunbowale,PTS,OVER,10.1,16.5,2.1,22.0,True,2026-06-13,
WNBA,Arike Ogunbowale,3PM,OVER,1.1,1.5,1.1,2.0,True,2026-06-13,
WNBA,Arike Ogunbowale,STL,OVER,0.8,,0.8,0.0,False,2026-06-13,
WNBA,Azzi Fudd,3PM,OVER,0.9,1.5,0.9,3.0,True,2026-06-13,
WNBA,Bridget Carleton,3PM,OVER,0.8,1.5,0.8,6.0,True,2026-06-13,
WNBA,Nneka Ogwumike,STL,OVER,0.8,,0.8,1.0,True,2026-06-13,
WNBA,Kelsey Plum,3PM,OVER,1.0,2.5,1.0,5.0,True,2026-06-13,
WNBA,Ariel Atkins,3PM,OVER,0.9,1.5,0.9,1.0,True,2026-06-13,
WNBA,Ariel Atkins,STL,OVER,0.8,,0.8,1.0,True,2026-06-13,
WNBA,Alyssa Thomas,STL,OVER,0.8,,0.8,0.0,False,2026-06-13,
WNBA,DeWanna Bonner,3PM,OVER,0.8,0.5,0.8,3.0,True,2026-06-13,
WNBA,Monique Akoa Makani,3PM,OVER,0.8,1.5,0.8,1.0,True,2026-06-13,
WNBA,Jovana Nogic,3PM,OVER,1.0,,1.0,0.0,False,2026-06-13,
NBA,Karl-Anthony Towns,PTS,OVER,13.5,,2.5,2.0,False,2026-06-13,
NBA,Mikal Bridges,STL,OVER,0.8,0.5,0.8,0.0,False,2026-06-13,
NBA,Jalen Brunson,PTS,OVER,12.3,13.5,2.3,45.0,True,2026-06-13,
NBA,OG Anunoby,PTS,OVER,10.2,9.5,2.2,11.0,True,2026-06-13,
NBA,OG Anunoby,STL,OVER,0.8,1.5,0.8,3.0,True,2026-06-13,
NBA,Josh Hart,REB,OVER,4.5,4.5,1.5,11.0,True,2026-06-13,
NBA,Josh Hart,3PM,OVER,1.1,1.5,1.1,3.0,True,2026-06-13,
NBA,Josh Hart,STL,OVER,0.8,1.5,0.8,0.0,False,2026-06-13,
NBA,Jeremy Sochan,PTS,OVER,9.0,,2.0,0.0,False,2026-06-13,
NBA,Jeremy Sochan,3PM,OVER,0.8,,0.8,0.0,False,2026-06-13,
NBA,Mitchell Robinson,BLK,OVER,0.8,0.5,0.8,0.0,False,2026-06-13,
NBA,Jose Alvarado,3PM,OVER,1.1,0.5,1.1,0.0,False,2026-06-13,
NBA,Jose Alvarado,STL,OVER,0.8,0.5,0.8,0.0,False,2026-06-13,
NBA,Miles McBride,3PM,OVER,1.1,0.5,1.1,0.0,False,2026-06-13,
NBA,De'Aaron Fox,STL,OVER,0.9,1.5,0.9,2.0,True,2026-06-13,
NBA,Victor Wembanyama,STL,OVER,0.8,1.5,0.8,0.0,False,2026-06-13,
NBA,Stephon Castle,PTS,OVER,11.0,7.5,2.0,6.0,False,2026-06-13,
NBA,Stephon Castle,3PM,OVER,1.0,0.5,1.0,0.0,False,2026-06-13,
NBA,Keldon Johnson,3PM,OVER,1.1,0.5,1.1,2.0,True,2026-06-13,
NBA,Dylan Harper,3PM,OVER,0.9,1.5,0.9,2.0,True,2026-06-13,
NBA,Carter Bryant,3PM,OVER,0.8,,0.8,0.0,False,2026-06-13,
MLB,Mookie Betts,H,OVER,1.09,0.0,1.09,4.0,True,,
MLB,Mookie Betts,HR,OVER,0.12,0.0,0.12,2.0,True,,
MLB,Mookie Betts,RBI,OVER,0.64,0.0,0.64,3.0,True,,
MLB,Mookie Betts,R,OVER,0.44,0.0,0.44,3.0,True,,
MLB,Mookie Betts,H,OVER,0.84,0.0,0.84,4.0,True,,
MLB,Mookie Betts,RBI,OVER,0.62,0.0,0.62,3.0,True,,
MLB,Mookie Betts,R,OVER,0.52,0.0,0.52,3.0,True,,
MLB,Mookie Betts,H,OVER,1.03,0.0,1.03,4.0,True,,
MLB,Mookie Betts,RBI,OVER,0.56,0.0,0.56,3.0,True,,
MLB,Mookie Betts,R,OVER,0.6,0.0,0.6,3.0,True,,
MLB,Mookie Betts,H,OVER,0.85,0.0,0.85,4.0,True,,
MLB,Mookie Betts,HR,OVER,0.11,0.0,0.11,2.0,True,,
MLB,Mookie Betts,RBI,OVER,0.5,0.0,0.5,3.0,True,,
MLB,Mookie Betts,R,OVER,0.49,0.0,0.49,3.0,True,,
MLB,Mookie Betts,H,OVER,0.98,0.0,0.98,4.0,True,,
MLB,Mookie Betts,RBI,OVER,0.53,0.0,0.53,3.0,True,,
MLB,Mookie Betts,R,OVER,0.61,0.0,0.61,3.0,True,,
MLB,Mookie Betts,H,OVER,1.12,0.0,1.12,4.0,True,,
MLB,Mookie Betts,HR,OVER,0.13,0.0,0.13,2.0,True,,
MLB,Mookie Betts,RBI,OVER,0.44,0.0,0.44,3.0,True,,
MLB,Mookie Betts,R,OVER,0.45,0.0,0.45,3.0,True,,
WNBA,A'ja Wilson,PTS,OVER,20.0,17.5,2.5,30.0,True,2026-07-03,
WNBA,Chennedy Carter,PTS,OVER,20.0,17.5,2.5,11.0,False,2026-07-03,
WNBA,Carla Leite,PTS,OVER,15.1,13.3,1.8,13.0,False,2026-07-11,
WNBA,Carla Leite,AST,OVER,5.6,4.9,0.7,10.0,True,2026-07-11,
WNBA,Carla Leite,BLK,UNDER,0.0,0.5,-0.5,0.0,True,2026-07-11,
WNBA,Bridget Carleton,PTS,OVER,11.3,9.9,1.4,12.0,True,2026-07-11,
WNBA,Megan Gustafson,PTS,OVER,13.3,11.7,1.6,17.0,True,2026-07-11,
WNBA,Megan Gustafson,REB,OVER,4.3,3.8,0.5,4.0,False,2026-07-11,
WNBA,Emily Engstler,PTS,OVER,9.4,8.3,1.1,14.0,True,2026-07-11,
WNBA,Emily Engstler,REB,OVER,5.5,4.8,0.7,11.0,True,2026-07-11,
WNBA,Teja Oblak,PTS,OVER,11.1,9.8,1.3,10.0,False,2026-07-11,
WNBA,Teja Oblak,AST,OVER,5.4,4.8,0.6,7.0,True,2026-07-11,
WNBA,Teja Oblak,BLK,UNDER,0.0,0.5,-0.5,0.0,True,2026-07-11,
WNBA,Frieda Buhner,PTS,OVER,9.5,8.4,1.1,11.0,True,2026-07-11,
WNBA,Nyadiew Puoch,PTS,OVER,4.9,4.3,0.6,9.0,True,2026-07-11,
WNBA,Serah Williams,PTS,OVER,7.2,6.3,0.9,15.0,True,2026-07-11,
WNBA,Serah Williams,REB,OVER,5.9,5.2,0.7,2.0,False,2026-07-11,
WNBA,Karlie Samuelson,PTS,OVER,6.5,5.7,0.8,0.0,False,2026-07-11,
WNBA,Holly Winterburn,PTS,OVER,7.4,6.5,0.9,1.0,False,2026-07-11,
WNBA,Holly Winterburn,AST,OVER,5.7,5.0,0.7,1.0,False,2026-07-11,
WNBA,Holly Winterburn,BLK,UNDER,0.0,0.5,-0.5,0.0,True,2026-07-11,
WNBA,Allisha Gray,PTS,OVER,14.0,12.3,1.7,20.0,True,2026-07-11,
WNBA,Rhyne Howard,PTS,OVER,13.4,11.8,1.6,10.0,False,2026-07-11,
WNBA,Jordin Canada,PTS,OVER,9.1,8.0,1.1,10.0,True,2026-07-11,
WNBA,Jordin Canada,AST,OVER,5.7,5.0,0.7,12.0,True,2026-07-11,
WNBA,Naz Hillmon,PTS,OVER,7.1,6.2,0.9,15.0,True,2026-07-11,
WNBA,Naz Hillmon,REB,OVER,3.9,3.4,0.5,8.0,True,2026-07-11,
WNBA,Madina Okot,PTS,OVER,14.8,13.0,1.8,19.0,True,2026-07-11,
WNBA,Madina Okot,REB,OVER,9.6,8.4,1.2,8.0,False,2026-07-11,
WNBA,Isobel Borlase,PTS,OVER,8.9,7.8,1.1,4.0,False,2026-07-11,
WNBA,Te-Hina Paopao,PTS,OVER,7.6,6.7,0.9,3.0,False,2026-07-11,
WNBA,Sika Kone,PTS,OVER,7.9,7.0,0.9,11.0,True,2026-07-11,
WNBA,Sika Kone,REB,OVER,4.9,4.3,0.6,5.0,True,2026-07-11,
WNBA,Sika Kone,BLK,UNDER,0.0,0.5,-0.5,0.0,True,2026-07-11,
WNBA,Indya Nivar,PTS,OVER,7.1,6.2,0.9,0.0,False,2026-07-11,
WNBA,Indya Nivar,REB,OVER,7.1,6.2,0.9,0.0,False,2026-07-11,
WNBA,Aaliyah Nye,PTS,OVER,4.7,4.1,0.6,0.0,False,2026-07-11,
WNBA,Aaliyah Nye,REB,UNDER,0.0,0.5,-0.5,0.0,True,2026-07-11,
WNBA,Aaliyah Nye,BLK,UNDER,0.0,0.5,-0.5,0.0,True,2026-07-11,
NBA,OG Anunoby,PTS,OVER,14.4,12.0,5.0,17.0,True,2026-06-04,
NBA,OG Anunoby,REB,OVER,2.5,2.0,1.0,3.0,True,2026-06-04,
NBA,OG Anunoby,AST,OVER,0.0,0.0,0.0,0.0,True,2026-06-04,
NBA,OG Anunoby,3PM,OVER,2.5,2.0,1.0,3.0,True,2026-06-04,
NBA,OG Anunoby,STL,OVER,0.8,0.0,1.0,1.0,True,2026-06-04,
NBA,OG Anunoby,BLK,OVER,0.8,0.0,1.0,1.0,True,2026-06-04,
NBA,Karl-Anthony Towns,PTS,OVER,15.3,13.0,5.0,18.0,True,2026-06-04,
NBA,Karl-Anthony Towns,REB,OVER,10.2,8.0,4.0,12.0,True,2026-06-04,
NBA,Karl-Anthony Towns,AST,OVER,3.4,2.0,2.0,4.0,True,2026-06-04,
NBA,Karl-Anthony Towns,3PM,OVER,0.0,0.0,0.0,0.0,True,2026-06-04,
NBA,Karl-Anthony Towns,STL,OVER,0.0,0.0,0.0,0.0,True,2026-06-04,
NBA,Karl-Anthony Towns,BLK,OVER,0.8,0.0,1.0,1.0,True,2026-06-04,
NBA,Josh Hart,PTS,OVER,2.5,2.0,1.0,3.0,True,2026-06-04,
NBA,Josh Hart,REB,OVER,12.8,11.0,4.0,15.0,True,2026-06-04,
NBA,Josh Hart,AST,OVER,5.1,4.0,2.0,6.0,True,2026-06-04,
NBA,Josh Hart,3PM,OVER,0.0,0.0,0.0,0.0,True,2026-06-04,
NBA,Josh Hart,STL,OVER,3.2,2.0,2.0,4.0,True,2026-06-04,
NBA,Josh Hart,BLK,OVER,0.8,0.0,1.0,1.0,True,2026-06-04,
NBA,Mikal Bridges,PTS,OVER,7.6,6.0,3.0,9.0,True,2026-06-04,
NBA,Mikal Bridges,REB,OVER,2.5,2.0,1.0,3.0,True,2026-06-04,
NBA,Mikal Bridges,AST,OVER,2.5,2.0,1.0,3.0,True,2026-06-04,
NBA,Mikal Bridges,3PM,OVER,0.0,0.0,0.0,0.0,True,2026-06-04,
NBA,Mikal Bridges,STL,OVER,1.6,1.0,1.0,2.0,True,2026-06-04,
NBA,Mikal Bridges,BLK,OVER,0.0,0.0,0.0,0.0,True,2026-06-04,
NBA,Jalen Brunson,PTS,OVER,25.5,22.0,8.0,30.0,True,2026-06-04,
NBA,Jalen Brunson,REB,OVER,2.5,2.0,1.0,3.0,True,2026-06-04,
NBA,Jalen Brunson,AST,OVER,1.7,1.0,1.0,2.0,True,2026-06-04,
NBA,Jalen Brunson,3PM,OVER,1.7,1.0,1.0,2.0,True,2026-06-04,
NBA,Jalen Brunson,STL,OVER,0.0,0.0,0.0,0.0,True,2026-06-04,
NBA,Jalen Brunson,BLK,OVER,0.0,0.0,0.0,0.0,True,2026-06-04,
NBA,Mitchell Robinson,PTS,OVER,1.7,1.0,1.0,2.0,True,2026-06-04,
NBA,Mitchell Robinson,REB,OVER,5.1,4.0,2.0,6.0,True,2026-06-04,
NBA,Mitchell Robinson,AST,OVER,0.0,0.0,0.0,0.0,True,2026-06-04,
NBA,Mitchell Robinson,3PM,OVER,0.0,0.0,0.0,0.0,True,2026-06-04,
NBA,Mitchell Robinson,STL,OVER,0.0,0.0,0.0,0.0,True,2026-06-04,
NBA,Mitchell Robinson,BLK,OVER,0.0,0.0,0.0,0.0,True,2026-06-04,
NBA,Jordan Clarkson,PTS,OVER,0.0,0.0,0.0,0.0,True,2026-06-04,
NBA,Jordan Clarkson,REB,OVER,0.8,0.0,1.0,1.0,True,2026-06-04,
NBA,Jordan Clarkson,AST,OVER,0.0,0.0,0.0,0.0,True,2026-06-04,
NBA,Jordan Clarkson,3PM,OVER,0.0,0.0,0.0,0.0,True,2026-06-04,
NBA,Jordan Clarkson,STL,OVER,0.0,0.0,0.0,0.0,True,2026-06-04,
NBA,Jordan Clarkson,BLK,OVER,0.0,0.0,0.0,0.0,True,2026-06-04,
NBA,Landry Shamet,PTS,OVER,11.0,9.0,4.0,13.0,True,2026-06-04,
NBA,Landry Shamet,REB,OVER,0.8,0.0,1.0,1.0,True,2026-06-04,
NBA,Landry Shamet,AST,OVER,0.0,0.0,0.0,0.0,True,2026-06-04,
NBA,Landry Shamet,3PM,OVER,2.5,2.0,1.0,3.0,True,2026-06-04,
NBA,Landry Shamet,STL,OVER,0.0,0.0,0.0,0.0,True,2026-06-04,
NBA,Landry Shamet,BLK,OVER,0.0,0.0,0.0,0.0,True,2026-06-04,
NBA,Jose Alvarado,PTS,OVER,6.0,5.0,2.0,7.0,True,2026-06-04,
NBA,Jose Alvarado,REB,OVER,3.4,2.0,2.0,4.0,True,2026-06-04,
NBA,Jose Alvarado,AST,OVER,0.8,0.0,1.0,1.0,True,2026-06-04,
NBA,Jose Alvarado,3PM,OVER,0.8,0.0,1.0,1.0,True,2026-06-04,
NBA,Jose Alvarado,STL,OVER,0.8,0.0,1.0,1.0,True,2026-06-04,
NBA,Jose Alvarado,BLK,OVER,0.0,0.0,0.0,0.0,True,2026-06-04,
NBA,Miles McBride,PTS,OVER,5.1,4.0,2.0,6.0,True,2026-06-04,
NBA,Miles McBride,REB,OVER,0.8,0.0,1.0,1.0,True,2026-06-04,
NBA,Miles McBride,AST,OVER,3.4,2.0,2.0,4.0,True,2026-06-04,
NBA,Miles McBride,3PM,OVER,1.7,1.0,1.0,2.0,True,2026-06-04,
NBA,Miles McBride,STL,OVER,0.0,0.0,0.0,0.0,True,2026-06-04,
NBA,Miles McBride,BLK,OVER,0.8,0.0,1.0,1.0,True,2026-06-04,
NBA,Julian Champagnie,PTS,OVER,13.6,11.0,5.0,16.0,True,2026-06-04,
NBA,Julian Champagnie,REB,OVER,8.5,7.0,3.0,10.0,True,2026-06-04,
NBA,Julian Champagnie,AST,OVER,0.8,0.0,1.0,1.0,True,2026-06-04,
NBA,Julian Champagnie,3PM,OVER,4.2,3.0,2.0,5.0,True,2026-06-04,
NBA,Julian Champagnie,STL,OVER,0.0,0.0,0.0,0.0,True,2026-06-04,
NBA,Julian Champagnie,BLK,OVER,0.8,0.0,1.0,1.0,True,2026-06-04,
NBA,Victor Wembanyama,PTS,OVER,22.1,19.0,7.0,26.0,True,2026-06-04,
NBA,Victor Wembanyama,REB,OVER,10.2,8.0,4.0,12.0,True,2026-06-04,
NBA,Victor Wembanyama,AST,OVER,1.7,1.0,1.0,2.0,True,2026-06-04,
NBA,Victor Wembanyama,3PM,OVER,1.7,1.0,1.0,2.0,True,2026-06-04,
NBA,Victor Wembanyama,STL,OVER,0.8,0.0,1.0,1.0,True,2026-06-04,
NBA,Victor Wembanyama,BLK,OVER,2.4,2.0,1.0,3.0,True,2026-06-04,
NBA,De'Aaron Fox,PTS,OVER,6.0,5.0,2.0,7.0,True,2026-06-04,
NBA,De'Aaron Fox,REB,OVER,3.4,2.0,2.0,4.0,True,2026-06-04,
NBA,De'Aaron Fox,AST,OVER,4.2,3.0,2.0,5.0,True,2026-06-04,
NBA,De'Aaron Fox,3PM,OVER,0.0,0.0,0.0,0.0,True,2026-06-04,
NBA,De'Aaron Fox,STL,OVER,0.8,0.0,1.0,1.0,True,2026-06-04,
NBA,De'Aaron Fox,BLK,OVER,0.0,0.0,0.0,0.0,True,2026-06-04,
NBA,Devin Vassell,PTS,OVER,7.6,6.0,3.0,9.0,True,2026-06-04,
NBA,Devin Vassell,REB,OVER,7.6,6.0,3.0,9.0,True,2026-06-04,
NBA,Devin Vassell,AST,OVER,2.5,2.0,1.0,3.0,True,2026-06-04,
NBA,Devin Vassell,3PM,OVER,0.8,0.0,1.0,1.0,True,2026-06-04,
NBA,Devin Vassell,STL,OVER,0.0,0.0,0.0,0.0,True,2026-06-04,
NBA,Devin Vassell,BLK,OVER,0.0,0.0,0.0,0.0,True,2026-06-04,
NBA,Stephon Castle,PTS,OVER,14.4,12.0,5.0,17.0,True,2026-06-04,
NBA,Stephon Castle,REB,OVER,6.8,5.0,3.0,8.0,True,2026-06-04,
NBA,Stephon Castle,AST,OVER,2.5,2.0,1.0,3.0,True,2026-06-04,
NBA,Stephon Castle,3PM,OVER,0.8,0.0,1.0,1.0,True,2026-06-04,
NBA,Stephon Castle,STL,OVER,0.0,0.0,0.0,0.0,True,2026-06-04,
NBA,Stephon Castle,BLK,OVER,0.0,0.0,0.0,0.0,True,2026-06-04,
NBA,Harrison Barnes,PTS,OVER,0.0,0.0,0.0,0.0,True,2026-06-04,
NBA,Harrison Barnes,REB,OVER,1.7,1.0,1.0,2.0,True,2026-06-04,
NBA,Harrison Barnes,AST,OVER,0.8,0.0,1.0,1.0,True,2026-06-04,
NBA,Harrison Barnes,3PM,OVER,0.0,0.0,0.0,0.0,True,2026-06-04,
NBA,Harrison Barnes,STL,OVER,0.0,0.0,0.0,0.0,True,2026-06-04,
NBA,Harrison Barnes,BLK,OVER,0.0,0.0,0.0,0.0,True,2026-06-04,
NBA,Keldon Johnson,PTS,OVER,2.5,2.0,1.0,3.0,True,2026-06-04,
NBA,Keldon Johnson,REB,OVER,0.0,0.0,0.0,0.0,True,2026-06-04,
NBA,Keldon Johnson,AST,OVER,0.0,0.0,0.0,0.0,True,2026-06-04,
NBA,Keldon Johnson,3PM,OVER,0.8,0.0,1.0,1.0,True,2026-06-04,
NBA,Keldon Johnson,STL,OVER,0.0,0.0,0.0,0.0,True,2026-06-04,
NBA,Keldon Johnson,BLK,OVER,0.0,0.0,0.0,0.0,True,2026-06-04,
NBA,Carter Bryant,PTS,OVER,0.8,0.0,1.0,1.0,True,2026-06-04,
NBA,Carter Bryant,REB,OVER,0.0,0.0,0.0,0.0,True,2026-06-04,
NBA,Carter Bryant,AST,OVER,0.0,0.0,0.0,0.0,True,2026-06-04,
NBA,Carter Bryant,3PM,OVER,0.0,0.0,0.0,0.0,True,2026-06-04,
NBA,Carter Bryant,STL,OVER,0.0,0.0,0.0,0.0,True,2026-06-04,
NBA,Carter Bryant,BLK,OVER,0.0,0.0,0.0,0.0,True,2026-06-04,
NBA,Luke Kornet,PTS,OVER,0.0,0.0,0.0,0.0,True,2026-06-04,
NBA,Luke Kornet,REB,OVER,0.8,0.0,1.0,1.0,True,2026-06-04,
NBA,Luke Kornet,AST,OVER,0.0,0.0,0.0,0.0,True,2026-06-04,
NBA,Luke Kornet,3PM,OVER,0.0,0.0,0.0,0.0,True,2026-06-04,
NBA,Luke Kornet,STL,OVER,0.8,0.0,1.0,1.0,True,2026-06-04,
NBA,Luke Kornet,BLK,OVER,0.0,0.0,0.0,0.0,True,2026-06-04,
NBA,Dylan Harper,PTS,OVER,13.6,11.0,5.0,16.0,True,2026-06-04,
NBA,Dylan Harper,REB,OVER,6.8,5.0,3.0,8.0,True,2026-06-04,
NBA,Dylan Harper,AST,OVER,0.8,0.0,1.0,1.0,True,2026-06-04,
NBA,Dylan Harper,3PM,OVER,0.8,0.0,1.0,1.0,True,2026-06-04,
NBA,Dylan Harper,STL,OVER,0.8,0.0,1.0,1.0,True,2026-06-04,
NBA,Dylan Harper,BLK,OVER,0.0,0.0,0.0,0.0,True,2026-06-04,
NBA,OG Anunoby,PTS,OVER,14.4,12.0,5.0,17.0,True,2026-06-06,
NBA,OG Anunoby,REB,OVER,3.4,2.0,2.0,4.0,True,2026-06-06,
NBA,OG Anunoby,AST,OVER,2.5,2.0,1.0,3.0,True,2026-06-06,
NBA,OG Anunoby,3PM,OVER,1.7,1.0,1.0,2.0,True,2026-06-06,
NBA,OG Anunoby,STL,OVER,1.6,1.0,1.0,2.0,True,2026-06-06,
NBA,OG Anunoby,BLK,OVER,1.6,1.0,1.0,2.0,True,2026-06-06,
NBA,Karl-Anthony Towns,PTS,OVER,17.8,15.0,6.0,21.0,True,2026-06-06,
NBA,Karl-Anthony Towns,REB,OVER,11.0,9.0,4.0,13.0,True,2026-06-06,
NBA,Karl-Anthony Towns,AST,OVER,3.4,2.0,2.0,4.0,True,2026-06-06,
NBA,Karl-Anthony Towns,3PM,OVER,2.5,2.0,1.0,3.0,True,2026-06-06,
NBA,Karl-Anthony Towns,STL,OVER,0.8,0.0,1.0,1.0,True,2026-06-06,
NBA,Karl-Anthony Towns,BLK,OVER,0.8,0.0,1.0,1.0,True,2026-06-06,
NBA,Josh Hart,PTS,OVER,0.0,0.0,0.0,0.0,True,2026-06-06,
NBA,Josh Hart,REB,OVER,5.1,4.0,2.0,6.0,True,2026-06-06,
NBA,Josh Hart,AST,OVER,3.4,2.0,2.0,4.0,True,2026-06-06,
NBA,Josh Hart,3PM,OVER,0.0,0.0,0.0,0.0,True,2026-06-06,
NBA,Josh Hart,STL,OVER,0.8,0.0,1.0,1.0,True,2026-06-06,
NBA,Josh Hart,BLK,OVER,0.8,0.0,1.0,1.0,True,2026-06-06,
NBA,Mikal Bridges,PTS,OVER,17.0,14.0,6.0,20.0,True,2026-06-06,
NBA,Mikal Bridges,REB,OVER,5.1,4.0,2.0,6.0,True,2026-06-06,
NBA,Mikal Bridges,AST,OVER,5.1,4.0,2.0,6.0,True,2026-06-06,
NBA,Mikal Bridges,3PM,OVER,3.4,2.0,2.0,4.0,True,2026-06-06,
NBA,Mikal Bridges,STL,OVER,0.8,0.0,1.0,1.0,True,2026-06-06,
NBA,Mikal Bridges,BLK,OVER,0.0,0.0,0.0,0.0,True,2026-06-06,
NBA,Jalen Brunson,PTS,OVER,17.0,14.0,6.0,20.0,True,2026-06-06,
NBA,Jalen Brunson,REB,OVER,4.2,3.0,2.0,5.0,True,2026-06-06,
NBA,Jalen Brunson,AST,OVER,5.1,4.0,2.0,6.0,True,2026-06-06,
NBA,Jalen Brunson,3PM,OVER,1.7,1.0,1.0,2.0,True,2026-06-06,
NBA,Jalen Brunson,STL,OVER,4.0,3.0,2.0,5.0,True,2026-06-06,
NBA,Jalen Brunson,BLK,OVER,0.0,0.0,0.0,0.0,True,2026-06-06,
NBA,Mitchell Robinson,PTS,OVER,6.0,5.0,2.0,7.0,True,2026-06-06,
NBA,Mitchell Robinson,REB,OVER,2.5,2.0,1.0,3.0,True,2026-06-06,
NBA,Mitchell Robinson,AST,OVER,0.0,0.0,0.0,0.0,True,2026-06-06,
NBA,Mitchell Robinson,3PM,OVER,0.0,0.0,0.0,0.0,True,2026-06-06,
NBA,Mitchell Robinson,STL,OVER,0.8,0.0,1.0,1.0,True,2026-06-06,
NBA,Mitchell Robinson,BLK,OVER,0.8,0.0,1.0,1.0,True,2026-06-06,
NBA,Landry Shamet,PTS,OVER,11.0,9.0,4.0,13.0,True,2026-06-06,
NBA,Landry Shamet,REB,OVER,1.7,1.0,1.0,2.0,True,2026-06-06,
NBA,Landry Shamet,AST,OVER,1.7,1.0,1.0,2.0,True,2026-06-06,
NBA,Landry Shamet,3PM,OVER,2.5,2.0,1.0,3.0,True,2026-06-06,
NBA,Landry Shamet,STL,OVER,0.0,0.0,0.0,0.0,True,2026-06-06,
NBA,Landry Shamet,BLK,OVER,0.8,0.0,1.0,1.0,True,2026-06-06,
NBA,Jose Alvarado,PTS,OVER,1.7,1.0,1.0,2.0,True,2026-06-06,
NBA,Jose Alvarado,REB,OVER,2.5,2.0,1.0,3.0,True,2026-06-06,
NBA,Jose Alvarado,AST,OVER,1.7,1.0,1.0,2.0,True,2026-06-06,
NBA,Jose Alvarado,3PM,OVER,0.0,0.0,0.0,0.0,True,2026-06-06,
NBA,Jose Alvarado,STL,OVER,0.0,0.0,0.0,0.0,True,2026-06-06,
NBA,Jose Alvarado,BLK,OVER,0.0,0.0,0.0,0.0,True,2026-06-06,
NBA,Miles McBride,PTS,OVER,4.2,3.0,2.0,5.0,True,2026-06-06,
NBA,Miles McBride,REB,OVER,1.7,1.0,1.0,2.0,True,2026-06-06,
NBA,Miles McBride,AST,OVER,1.7,1.0,1.0,2.0,True,2026-06-06,
NBA,Miles McBride,3PM,OVER,0.8,0.0,1.0,1.0,True,2026-06-06,
NBA,Miles McBride,STL,OVER,0.0,0.0,0.0,0.0,True,2026-06-06,
NBA,Miles McBride,BLK,OVER,0.0,0.0,0.0,0.0,True,2026-06-06,
NBA,Julian Champagnie,PTS,OVER,6.8,5.0,3.0,8.0,True,2026-06-06,
NBA,Julian Champagnie,REB,OVER,3.4,2.0,2.0,4.0,True,2026-06-06,
NBA,Julian Champagnie,AST,OVER,0.8,0.0,1.0,1.0,True,2026-06-06,
NBA,Julian Champagnie,3PM,OVER,1.7,1.0,1.0,2.0,True,2026-06-06,
NBA,Julian Champagnie,STL,OVER,0.0,0.0,0.0,0.0,True,2026-06-06,
NBA,Julian Champagnie,BLK,OVER,0.8,0.0,1.0,1.0,True,2026-06-06,
NBA,Victor Wembanyama,PTS,OVER,24.6,21.0,8.0,29.0,True,2026-06-06,
NBA,Victor Wembanyama,REB,OVER,7.6,6.0,3.0,9.0,True,2026-06-06,
NBA,Victor Wembanyama,AST,OVER,1.7,1.0,1.0,2.0,True,2026-06-06,
NBA,Victor Wembanyama,3PM,OVER,1.7,1.0,1.0,2.0,True,2026-06-06,
NBA,Victor Wembanyama,STL,OVER,1.6,1.0,1.0,2.0,True,2026-06-06,
NBA,Victor Wembanyama,BLK,OVER,3.2,2.0,2.0,4.0,True,2026-06-06,
NBA,De'Aaron Fox,PTS,OVER,17.0,14.0,6.0,20.0,True,2026-06-06,
NBA,De'Aaron Fox,REB,OVER,2.5,2.0,1.0,3.0,True,2026-06-06,
NBA,De'Aaron Fox,AST,OVER,4.2,3.0,2.0,5.0,True,2026-06-06,
NBA,De'Aaron Fox,3PM,OVER,1.7,1.0,1.0,2.0,True,2026-06-06,
NBA,De'Aaron Fox,STL,OVER,0.8,0.0,1.0,1.0,True,2026-06-06,
NBA,De'Aaron Fox,BLK,OVER,0.8,0.0,1.0,1.0,True,2026-06-06,
NBA,Devin Vassell,PTS,OVER,11.9,10.0,4.0,14.0,True,2026-06-06,
NBA,Devin Vassell,REB,OVER,7.6,6.0,3.0,9.0,True,2026-06-06,
NBA,Devin Vassell,AST,OVER,4.2,3.0,2.0,5.0,True,2026-06-06,
NBA,Devin Vassell,3PM,OVER,2.5,2.0,1.0,3.0,True,2026-06-06,
NBA,Devin Vassell,STL,OVER,0.0,0.0,0.0,0.0,True,2026-06-06,
NBA,Devin Vassell,BLK,OVER,0.8,0.0,1.0,1.0,True,2026-06-06,
NBA,Stephon Castle,PTS,OVER,11.9,10.0,4.0,14.0,True,2026-06-06,
NBA,Stephon Castle,REB,OVER,3.4,2.0,2.0,4.0,True,2026-06-06,
NBA,Stephon Castle,AST,OVER,3.4,2.0,2.0,4.0,True,2026-06-06,
NBA,Stephon Castle,3PM,OVER,1.7,1.0,1.0,2.0,True,2026-06-06,
NBA,Stephon Castle,STL,OVER,0.8,0.0,1.0,1.0,True,2026-06-06,
NBA,Stephon Castle,BLK,OVER,0.0,0.0,0.0,0.0,True,2026-06-06,
NBA,Harrison Barnes,PTS,OVER,0.0,0.0,0.0,0.0,True,2026-06-06,
NBA,Harrison Barnes,REB,OVER,0.0,0.0,0.0,0.0,True,2026-06-06,
NBA,Harrison Barnes,AST,OVER,0.0,0.0,0.0,0.0,True,2026-06-06,
NBA,Harrison Barnes,3PM,OVER,0.0,0.0,0.0,0.0,True,2026-06-06,
NBA,Harrison Barnes,STL,OVER,0.0,0.0,0.0,0.0,True,2026-06-06,
NBA,Harrison Barnes,BLK,OVER,0.0,0.0,0.0,0.0,True,2026-06-06,
NBA,Keldon Johnson,PTS,OVER,2.5,2.0,1.0,3.0,True,2026-06-06,
NBA,Keldon Johnson,REB,OVER,3.4,2.0,2.0,4.0,True,2026-06-06,
NBA,Keldon Johnson,AST,OVER,1.7,1.0,1.0,2.0,True,2026-06-06,
NBA,Keldon Johnson,3PM,OVER,0.0,0.0,0.0,0.0,True,2026-06-06,
NBA,Keldon Johnson,STL,OVER,0.8,0.0,1.0,1.0,True,2026-06-06,
NBA,Keldon Johnson,BLK,OVER,0.0,0.0,0.0,0.0,True,2026-06-06,
NBA,Carter Bryant,PTS,OVER,0.0,0.0,0.0,0.0,True,2026-06-06,
NBA,Carter Bryant,REB,OVER,0.0,0.0,0.0,0.0,True,2026-06-06,
NBA,Carter Bryant,AST,OVER,0.0,0.0,0.0,0.0,True,2026-06-06,
NBA,Carter Bryant,3PM,OVER,0.0,0.0,0.0,0.0,True,2026-06-06,
NBA,Carter Bryant,STL,OVER,0.0,0.0,0.0,0.0,True,2026-06-06,
NBA,Carter Bryant,BLK,OVER,0.0,0.0,0.0,0.0,True,2026-06-06,
NBA,Luke Kornet,PTS,OVER,0.8,0.0,1.0,1.0,True,2026-06-06,
NBA,Luke Kornet,REB,OVER,2.5,2.0,1.0,3.0,True,2026-06-06,
NBA,Luke Kornet,AST,OVER,0.0,0.0,0.0,0.0,True,2026-06-06,
NBA,Luke Kornet,3PM,OVER,0.0,0.0,0.0,0.0,True,2026-06-06,
NBA,Luke Kornet,STL,OVER,0.8,0.0,1.0,1.0,True,2026-06-06,
NBA,Luke Kornet,BLK,OVER,0.0,0.0,0.0,0.0,True,2026-06-06,
NBA,Dylan Harper,PTS,OVER,12.8,11.0,4.0,15.0,True,2026-06-06,
NBA,Dylan Harper,REB,OVER,5.1,4.0,2.0,6.0,True,2026-06-06,
NBA,Dylan Harper,AST,OVER,2.5,2.0,1.0,3.0,True,2026-06-06,
NBA,Dylan Harper,3PM,OVER,0.0,0.0,0.0,0.0,True,2026-06-06,
NBA,Dylan Harper,STL,OVER,0.8,0.0,1.0,1.0,True,2026-06-06,
NBA,Dylan Harper,BLK,OVER,0.0,0.0,0.0,0.0,True,2026-06-06,
NBA,Julian Champagnie,PTS,OVER,10.2,8.0,4.0,12.0,True,2026-06-09,
NBA,Julian Champagnie,REB,OVER,0.8,0.0,1.0,1.0,True,2026-06-09,
NBA,Julian Champagnie,AST,OVER,2.5,2.0,1.0,3.0,True,2026-06-09,
NBA,Julian Champagnie,3PM,OVER,2.5,2.0,1.0,3.0,True,2026-06-09,
NBA,Julian Champagnie,STL,OVER,0.8,0.0,1.0,1.0,True,2026-06-09,
NBA,Julian Champagnie,BLK,OVER,0.0,0.0,0.0,0.0,True,2026-06-09,
NBA,Victor Wembanyama,PTS,OVER,27.2,23.0,9.0,32.0,True,2026-06-09,
NBA,Victor Wembanyama,REB,OVER,6.8,5.0,3.0,8.0,True,2026-06-09,
NBA,Victor Wembanyama,AST,OVER,5.1,4.0,2.0,6.0,True,2026-06-09,
NBA,Victor Wembanyama,3PM,OVER,1.7,1.0,1.0,2.0,True,2026-06-09,
NBA,Victor Wembanyama,STL,OVER,1.6,1.0,1.0,2.0,True,2026-06-09,
NBA,Victor Wembanyama,BLK,OVER,2.4,2.0,1.0,3.0,True,2026-06-09,
NBA,De'Aaron Fox,PTS,OVER,10.2,8.0,4.0,12.0,True,2026-06-09,
NBA,De'Aaron Fox,REB,OVER,2.5,2.0,1.0,3.0,True,2026-06-09,
NBA,De'Aaron Fox,AST,OVER,6.8,5.0,3.0,8.0,True,2026-06-09,
NBA,De'Aaron Fox,3PM,OVER,0.0,0.0,0.0,0.0,True,2026-06-09,
NBA,De'Aaron Fox,STL,OVER,0.8,0.0,1.0,1.0,True,2026-06-09,
NBA,De'Aaron Fox,BLK,OVER,1.6,1.0,1.0,2.0,True,2026-06-09,
NBA,Devin Vassell,PTS,OVER,9.3,8.0,3.0,11.0,True,2026-06-09,
NBA,Devin Vassell,REB,OVER,3.4,2.0,2.0,4.0,True,2026-06-09,
NBA,Devin Vassell,AST,OVER,0.0,0.0,0.0,0.0,True,2026-06-09,
NBA,Devin Vassell,3PM,OVER,2.5,2.0,1.0,3.0,True,2026-06-09,
NBA,Devin Vassell,STL,OVER,0.0,0.0,0.0,0.0,True,2026-06-09,
NBA,Devin Vassell,BLK,OVER,0.0,0.0,0.0,0.0,True,2026-06-09,
NBA,Stephon Castle,PTS,OVER,19.6,17.0,6.0,23.0,True,2026-06-09,
NBA,Stephon Castle,REB,OVER,4.2,3.0,2.0,5.0,True,2026-06-09,
NBA,Stephon Castle,AST,OVER,4.2,3.0,2.0,5.0,True,2026-06-09,
NBA,Stephon Castle,3PM,OVER,1.7,1.0,1.0,2.0,True,2026-06-09,
NBA,Stephon Castle,STL,OVER,0.8,0.0,1.0,1.0,True,2026-06-09,
NBA,Stephon Castle,BLK,OVER,0.8,0.0,1.0,1.0,True,2026-06-09,
NBA,Keldon Johnson,PTS,OVER,6.0,5.0,2.0,7.0,True,2026-06-09,
NBA,Keldon Johnson,REB,OVER,1.7,1.0,1.0,2.0,True,2026-06-09,
NBA,Keldon Johnson,AST,OVER,0.0,0.0,0.0,0.0,True,2026-06-09,
NBA,Keldon Johnson,3PM,OVER,0.0,0.0,0.0,0.0,True,2026-06-09,
NBA,Keldon Johnson,STL,OVER,0.8,0.0,1.0,1.0,True,2026-06-09,
NBA,Keldon Johnson,BLK,OVER,0.0,0.0,0.0,0.0,True,2026-06-09,
NBA,Carter Bryant,PTS,OVER,2.5,2.0,1.0,3.0,True,2026-06-09,
NBA,Carter Bryant,REB,OVER,0.0,0.0,0.0,0.0,True,2026-06-09,
NBA,Carter Bryant,AST,OVER,0.0,0.0,0.0,0.0,True,2026-06-09,
NBA,Carter Bryant,3PM,OVER,0.8,0.0,1.0,1.0,True,2026-06-09,
NBA,Carter Bryant,STL,OVER,0.0,0.0,0.0,0.0,True,2026-06-09,
NBA,Carter Bryant,BLK,OVER,0.8,0.0,1.0,1.0,True,2026-06-09,
NBA,Luke Kornet,PTS,OVER,1.7,1.0,1.0,2.0,True,2026-06-09,
NBA,Luke Kornet,REB,OVER,4.2,3.0,2.0,5.0,True,2026-06-09,
NBA,Luke Kornet,AST,OVER,1.7,1.0,1.0,2.0,True,2026-06-09,
NBA,Luke Kornet,3PM,OVER,0.0,0.0,0.0,0.0,True,2026-06-09,
NBA,Luke Kornet,STL,OVER,0.8,0.0,1.0,1.0,True,2026-06-09,
NBA,Luke Kornet,BLK,OVER,0.0,0.0,0.0,0.0,True,2026-06-09,
NBA,Dylan Harper,PTS,OVER,11.0,9.0,4.0,13.0,True,2026-06-09,
NBA,Dylan Harper,REB,OVER,7.6,6.0,3.0,9.0,True,2026-06-09,
NBA,Dylan Harper,AST,OVER,3.4,2.0,2.0,4.0,True,2026-06-09,
NBA,Dylan Harper,3PM,OVER,0.8,0.0,1.0,1.0,True,2026-06-09,
NBA,Dylan Harper,STL,OVER,0.0,0.0,0.0,0.0,True,2026-06-09,
NBA,Dylan Harper,BLK,OVER,0.0,0.0,0.0,0.0,True,2026-06-09,
NBA,OG Anunoby,PTS,OVER,23.8,20.0,8.0,28.0,True,2026-06-09,
NBA,OG Anunoby,REB,OVER,4.2,3.0,2.0,5.0,True,2026-06-09,
NBA,OG Anunoby,AST,OVER,0.8,0.0,1.0,1.0,True,2026-06-09,
NBA,OG Anunoby,3PM,OVER,2.5,2.0,1.0,3.0,True,2026-06-09,
NBA,OG Anunoby,STL,OVER,0.0,0.0,0.0,0.0,True,2026-06-09,
NBA,OG Anunoby,BLK,OVER,1.6,1.0,1.0,2.0,True,2026-06-09,
NBA,Karl-Anthony Towns,PTS,OVER,9.3,8.0,3.0,11.0,True,2026-06-09,
NBA,Karl-Anthony Towns,REB,OVER,6.8,5.0,3.0,8.0,True,2026-06-09,
NBA,Karl-Anthony Towns,AST,OVER,0.8,0.0,1.0,1.0,True,2026-06-09,
NBA,Karl-Anthony Towns,3PM,OVER,0.0,0.0,0.0,0.0,True,2026-06-09,
NBA,Karl-Anthony Towns,STL,OVER,2.4,2.0,1.0,3.0,True,2026-06-09,
NBA,Karl-Anthony Towns,BLK,OVER,1.6,1.0,1.0,2.0,True,2026-06-09,
NBA,Josh Hart,PTS,OVER,13.6,11.0,5.0,16.0,True,2026-06-09,
NBA,Josh Hart,REB,OVER,7.6,6.0,3.0,9.0,True,2026-06-09,
NBA,Josh Hart,AST,OVER,4.2,3.0,2.0,5.0,True,2026-06-09,
NBA,Josh Hart,3PM,OVER,3.4,2.0,2.0,4.0,True,2026-06-09,
NBA,Josh Hart,STL,OVER,0.0,0.0,0.0,0.0,True,2026-06-09,
NBA,Josh Hart,BLK,OVER,0.0,0.0,0.0,0.0,True,2026-06-09,
NBA,Mikal Bridges,PTS,OVER,1.7,1.0,1.0,2.0,True,2026-06-09,
NBA,Mikal Bridges,REB,OVER,4.2,3.0,2.0,5.0,True,2026-06-09,
NBA,Mikal Bridges,AST,OVER,1.7,1.0,1.0,2.0,True,2026-06-09,
NBA,Mikal Bridges,3PM,OVER,0.0,0.0,0.0,0.0,True,2026-06-09,
NBA,Mikal Bridges,STL,OVER,0.0,0.0,0.0,0.0,True,2026-06-09,
NBA,Mikal Bridges,BLK,OVER,0.8,0.0,1.0,1.0,True,2026-06-09,
NBA,Jalen Brunson,PTS,OVER,27.2,23.0,9.0,32.0,True,2026-06-09,
NBA,Jalen Brunson,REB,OVER,4.2,3.0,2.0,5.0,True,2026-06-09,
NBA,Jalen Brunson,AST,OVER,4.2,3.0,2.0,5.0,True,2026-06-09,
NBA,Jalen Brunson,3PM,OVER,2.5,2.0,1.0,3.0,True,2026-06-09,
NBA,Jalen Brunson,STL,OVER,0.0,0.0,0.0,0.0,True,2026-06-09,
NBA,Jalen Brunson,BLK,OVER,0.0,0.0,0.0,0.0,True,2026-06-09,
NBA,Jeremy Sochan,PTS,OVER,0.0,0.0,0.0,0.0,True,2026-06-09,
NBA,Jeremy Sochan,REB,OVER,0.0,0.0,0.0,0.0,True,2026-06-09,
NBA,Jeremy Sochan,AST,OVER,0.0,0.0,0.0,0.0,True,2026-06-09,
NBA,Jeremy Sochan,3PM,OVER,0.0,0.0,0.0,0.0,True,2026-06-09,
NBA,Jeremy Sochan,STL,OVER,0.0,0.0,0.0,0.0,True,2026-06-09,
NBA,Jeremy Sochan,BLK,OVER,0.0,0.0,0.0,0.0,True,2026-06-09,
NBA,Mitchell Robinson,PTS,OVER,4.2,3.0,2.0,5.0,True,2026-06-09,
NBA,Mitchell Robinson,REB,OVER,3.4,2.0,2.0,4.0,True,2026-06-09,
NBA,Mitchell Robinson,AST,OVER,0.0,0.0,0.0,0.0,True,2026-06-09,
NBA,Mitchell Robinson,3PM,OVER,0.0,0.0,0.0,0.0,True,2026-06-09,
NBA,Mitchell Robinson,STL,OVER,0.0,0.0,0.0,0.0,True,2026-06-09,
NBA,Mitchell Robinson,BLK,OVER,0.0,0.0,0.0,0.0,True,2026-06-09,
NBA,Jordan Clarkson,PTS,OVER,8.5,7.0,3.0,10.0,True,2026-06-09,
NBA,Jordan Clarkson,REB,OVER,2.5,2.0,1.0,3.0,True,2026-06-09,
NBA,Jordan Clarkson,AST,OVER,0.8,0.0,1.0,1.0,True,2026-06-09,
NBA,Jordan Clarkson,3PM,OVER,1.7,1.0,1.0,2.0,True,2026-06-09,
NBA,Jordan Clarkson,STL,OVER,0.8,0.0,1.0,1.0,True,2026-06-09,
NBA,Jordan Clarkson,BLK,OVER,0.0,0.0,0.0,0.0,True,2026-06-09,
NBA,Landry Shamet,PTS,OVER,2.5,2.0,1.0,3.0,True,2026-06-09,
NBA,Landry Shamet,REB,OVER,3.4,2.0,2.0,4.0,True,2026-06-09,
NBA,Landry Shamet,AST,OVER,1.7,1.0,1.0,2.0,True,2026-06-09,
NBA,Landry Shamet,3PM,OVER,0.8,0.0,1.0,1.0,True,2026-06-09,
NBA,Landry Shamet,STL,OVER,0.0,0.0,0.0,0.0,True,2026-06-09,
NBA,Landry Shamet,BLK,OVER,0.8,0.0,1.0,1.0,True,2026-06-09,
NBA,Jose Alvarado,PTS,OVER,3.4,2.0,2.0,4.0,True,2026-06-09,
NBA,Jose Alvarado,REB,OVER,2.5,2.0,1.0,3.0,True,2026-06-09,
NBA,Jose Alvarado,AST,OVER,0.8,0.0,1.0,1.0,True,2026-06-09,
NBA,Jose Alvarado,3PM,OVER,0.0,0.0,0.0,0.0,True,2026-06-09,
NBA,Jose Alvarado,STL,OVER,0.0,0.0,0.0,0.0,True,2026-06-09,
NBA,Jose Alvarado,BLK,OVER,0.0,0.0,0.0,0.0,True,2026-06-09,
NBA,Miles McBride,PTS,OVER,0.0,0.0,0.0,0.0,True,2026-06-09,
NBA,Miles McBride,REB,OVER,0.0,0.0,0.0,0.0,True,2026-06-09,
NBA,Miles McBride,AST,OVER,0.0,0.0,0.0,0.0,True,2026-06-09,
NBA,Miles McBride,3PM,OVER,0.0,0.0,0.0,0.0,True,2026-06-09,
NBA,Miles McBride,STL,OVER,0.0,0.0,0.0,0.0,True,2026-06-09,
NBA,Miles McBride,BLK,OVER,0.0,0.0,0.0,0.0,True,2026-06-09,
NBA,Julian Champagnie,PTS,OVER,4.2,3.0,2.0,5.0,True,2026-06-11,
NBA,Julian Champagnie,REB,OVER,4.2,3.0,2.0,5.0,True,2026-06-11,
NBA,Julian Champagnie,AST,OVER,2.5,2.0,1.0,3.0,True,2026-06-11,
NBA,Julian Champagnie,3PM,OVER,0.8,0.0,1.0,1.0,True,2026-06-11,
NBA,Julian Champagnie,STL,OVER,3.2,2.0,2.0,4.0,True,2026-06-11,
NBA,Julian Champagnie,BLK,OVER,0.0,0.0,0.0,0.0,True,2026-06-11,
NBA,Victor Wembanyama,PTS,OVER,20.4,17.0,7.0,24.0,True,2026-06-11,
NBA,Victor Wembanyama,REB,OVER,11.0,9.0,4.0,13.0,True,2026-06-11,
NBA,Victor Wembanyama,AST,OVER,0.8,0.0,1.0,1.0,True,2026-06-11,
NBA,Victor Wembanyama,3PM,OVER,1.7,1.0,1.0,2.0,True,2026-06-11,
NBA,Victor Wembanyama,STL,OVER,0.0,0.0,0.0,0.0,True,2026-06-11,
NBA,Victor Wembanyama,BLK,OVER,2.4,2.0,1.0,3.0,True,2026-06-11,
NBA,De'Aaron Fox,PTS,OVER,15.3,13.0,5.0,18.0,True,2026-06-11,
NBA,De'Aaron Fox,REB,OVER,4.2,3.0,2.0,5.0,True,2026-06-11,
NBA,De'Aaron Fox,AST,OVER,6.0,5.0,2.0,7.0,True,2026-06-11,
NBA,De'Aaron Fox,3PM,OVER,3.4,2.0,2.0,4.0,True,2026-06-11,
NBA,De'Aaron Fox,STL,OVER,1.6,1.0,1.0,2.0,True,2026-06-11,
NBA,De'Aaron Fox,BLK,OVER,0.8,0.0,1.0,1.0,True,2026-06-11,
NBA,Devin Vassell,PTS,OVER,15.3,13.0,5.0,18.0,True,2026-06-11,
NBA,Devin Vassell,REB,OVER,4.2,3.0,2.0,5.0,True,2026-06-11,
NBA,Devin Vassell,AST,OVER,3.4,2.0,2.0,4.0,True,2026-06-11,
NBA,Devin Vassell,3PM,OVER,4.2,3.0,2.0,5.0,True,2026-06-11,
NBA,Devin Vassell,STL,OVER,0.8,0.0,1.0,1.0,True,2026-06-11,
NBA,Devin Vassell,BLK,OVER,0.0,0.0,0.0,0.0,True,2026-06-11,
NBA,Stephon Castle,PTS,OVER,11.0,9.0,4.0,13.0,True,2026-06-11,
NBA,Stephon Castle,REB,OVER,4.2,3.0,2.0,5.0,True,2026-06-11,
NBA,Stephon Castle,AST,OVER,4.2,3.0,2.0,5.0,True,2026-06-11,
NBA,Stephon Castle,3PM,OVER,0.8,0.0,1.0,1.0,True,2026-06-11,
NBA,Stephon Castle,STL,OVER,0.0,0.0,0.0,0.0,True,2026-06-11,
NBA,Stephon Castle,BLK,OVER,0.0,0.0,0.0,0.0,True,2026-06-11,
NBA,Keldon Johnson,PTS,OVER,1.7,1.0,1.0,2.0,True,2026-06-11,
NBA,Keldon Johnson,REB,OVER,3.4,2.0,2.0,4.0,True,2026-06-11,
NBA,Keldon Johnson,AST,OVER,0.8,0.0,1.0,1.0,True,2026-06-11,
NBA,Keldon Johnson,3PM,OVER,0.0,0.0,0.0,0.0,True,2026-06-11,
NBA,Keldon Johnson,STL,OVER,0.8,0.0,1.0,1.0,True,2026-06-11,
NBA,Keldon Johnson,BLK,OVER,0.0,0.0,0.0,0.0,True,2026-06-11,
NBA,Carter Bryant,PTS,OVER,4.2,3.0,2.0,5.0,True,2026-06-11,
NBA,Carter Bryant,REB,OVER,0.8,0.0,1.0,1.0,True,2026-06-11,
NBA,Carter Bryant,AST,OVER,0.0,0.0,0.0,0.0,True,2026-06-11,
NBA,Carter Bryant,3PM,OVER,0.8,0.0,1.0,1.0,True,2026-06-11,
NBA,Carter Bryant,STL,OVER,0.8,0.0,1.0,1.0,True,2026-06-11,
NBA,Carter Bryant,BLK,OVER,0.0,0.0,0.0,0.0,True,2026-06-11,
NBA,Luke Kornet,PTS,OVER,0.0,0.0,0.0,0.0,True,2026-06-11,
NBA,Luke Kornet,REB,OVER,0.0,0.0,0.0,0.0,True,2026-06-11,
NBA,Luke Kornet,AST,OVER,0.0,0.0,0.0,0.0,True,2026-06-11,
NBA,Luke Kornet,3PM,OVER,0.0,0.0,0.0,0.0,True,2026-06-11,
NBA,Luke Kornet,STL,OVER,0.8,0.0,1.0,1.0,True,2026-06-11,
NBA,Luke Kornet,BLK,OVER,0.0,0.0,0.0,0.0,True,2026-06-11,
NBA,Dylan Harper,PTS,OVER,17.8,15.0,6.0,21.0,True,2026-06-11,
NBA,Dylan Harper,REB,OVER,3.4,2.0,2.0,4.0,True,2026-06-11,
NBA,Dylan Harper,AST,OVER,2.5,2.0,1.0,3.0,True,2026-06-11,
NBA,Dylan Harper,3PM,OVER,2.5,2.0,1.0,3.0,True,2026-06-11,
NBA,Dylan Harper,STL,OVER,0.0,0.0,0.0,0.0,True,2026-06-11,
NBA,Dylan Harper,BLK,OVER,0.0,0.0,0.0,0.0,True,2026-06-11,
NBA,OG Anunoby,PTS,OVER,28.1,24.0,9.0,33.0,True,2026-06-11,
NBA,OG Anunoby,REB,OVER,3.4,2.0,2.0,4.0,True,2026-06-11,
NBA,OG Anunoby,AST,OVER,0.8,0.0,1.0,1.0,True,2026-06-11,
NBA,OG Anunoby,3PM,OVER,6.0,5.0,2.0,7.0,True,2026-06-11,
NBA,OG Anunoby,STL,OVER,0.8,0.0,1.0,1.0,True,2026-06-11,
NBA,OG Anunoby,BLK,OVER,0.8,0.0,1.0,1.0,True,2026-06-11,
NBA,Karl-Anthony Towns,PTS,OVER,11.0,9.0,4.0,13.0,True,2026-06-11,
NBA,Karl-Anthony Towns,REB,OVER,8.5,7.0,3.0,10.0,True,2026-06-11,
NBA,Karl-Anthony Towns,AST,OVER,1.7,1.0,1.0,2.0,True,2026-06-11,
NBA,Karl-Anthony Towns,3PM,OVER,0.8,0.0,1.0,1.0,True,2026-06-11,
NBA,Karl-Anthony Towns,STL,OVER,0.0,0.0,0.0,0.0,True,2026-06-11,
NBA,Karl-Anthony Towns,BLK,OVER,0.0,0.0,0.0,0.0,True,2026-06-11,
NBA,Josh Hart,PTS,OVER,5.1,4.0,2.0,6.0,True,2026-06-11,
NBA,Josh Hart,REB,OVER,6.8,5.0,3.0,8.0,True,2026-06-11,
NBA,Josh Hart,AST,OVER,5.1,4.0,2.0,6.0,True,2026-06-11,
NBA,Josh Hart,3PM,OVER,0.8,0.0,1.0,1.0,True,2026-06-11,
NBA,Josh Hart,STL,OVER,1.6,1.0,1.0,2.0,True,2026-06-11,
NBA,Josh Hart,BLK,OVER,0.0,0.0,0.0,0.0,True,2026-06-11,
NBA,Mikal Bridges,PTS,OVER,6.0,5.0,2.0,7.0,True,2026-06-11,
NBA,Mikal Bridges,REB,OVER,1.7,1.0,1.0,2.0,True,2026-06-11,
NBA,Mikal Bridges,AST,OVER,1.7,1.0,1.0,2.0,True,2026-06-11,
NBA,Mikal Bridges,3PM,OVER,0.8,0.0,1.0,1.0,True,2026-06-11,
NBA,Mikal Bridges,STL,OVER,0.0,0.0,0.0,0.0,True,2026-06-11,
NBA,Mikal Bridges,BLK,OVER,0.0,0.0,0.0,0.0,True,2026-06-11,
NBA,Jalen Brunson,PTS,OVER,30.6,26.0,10.0,36.0,True,2026-06-11,
NBA,Jalen Brunson,REB,OVER,4.2,3.0,2.0,5.0,True,2026-06-11,
NBA,Jalen Brunson,AST,OVER,6.0,5.0,2.0,7.0,True,2026-06-11,
NBA,Jalen Brunson,3PM,OVER,2.5,2.0,1.0,3.0,True,2026-06-11,
NBA,Jalen Brunson,STL,OVER,2.4,2.0,1.0,3.0,True,2026-06-11,
NBA,Jalen Brunson,BLK,OVER,0.0,0.0,0.0,0.0,True,2026-06-11,
NBA,Jeremy Sochan,PTS,OVER,0.0,0.0,0.0,0.0,True,2026-06-11,
NBA,Jeremy Sochan,REB,OVER,0.0,0.0,0.0,0.0,True,2026-06-11,
NBA,Jeremy Sochan,AST,OVER,0.0,0.0,0.0,0.0,True,2026-06-11,
NBA,Jeremy Sochan,3PM,OVER,0.0,0.0,0.0,0.0,True,2026-06-11,
NBA,Jeremy Sochan,STL,OVER,0.0,0.0,0.0,0.0,True,2026-06-11,
NBA,Jeremy Sochan,BLK,OVER,0.0,0.0,0.0,0.0,True,2026-06-11,
NBA,Mitchell Robinson,PTS,OVER,1.7,1.0,1.0,2.0,True,2026-06-11,
NBA,Mitchell Robinson,REB,OVER,4.2,3.0,2.0,5.0,True,2026-06-11,
NBA,Mitchell Robinson,AST,OVER,0.8,0.0,1.0,1.0,True,2026-06-11,
NBA,Mitchell Robinson,3PM,OVER,0.0,0.0,0.0,0.0,True,2026-06-11,
NBA,Mitchell Robinson,STL,OVER,0.0,0.0,0.0,0.0,True,2026-06-11,
NBA,Mitchell Robinson,BLK,OVER,1.6,1.0,1.0,2.0,True,2026-06-11,
NBA,Ariel Hukporti,PTS,OVER,0.0,0.0,0.0,0.0,True,2026-06-11,
NBA,Ariel Hukporti,REB,OVER,0.0,0.0,0.0,0.0,True,2026-06-11,
NBA,Ariel Hukporti,AST,OVER,0.0,0.0,0.0,0.0,True,2026-06-11,
NBA,Ariel Hukporti,3PM,OVER,0.0,0.0,0.0,0.0,True,2026-06-11,
NBA,Ariel Hukporti,STL,OVER,0.0,0.0,0.0,0.0,True,2026-06-11,
NBA,Ariel Hukporti,BLK,OVER,0.8,0.0,1.0,1.0,True,2026-06-11,
NBA,Jordan Clarkson,PTS,OVER,1.7,1.0,1.0,2.0,True,2026-06-11,
NBA,Jordan Clarkson,REB,OVER,0.8,0.0,1.0,1.0,True,2026-06-11,
NBA,Jordan Clarkson,AST,OVER,0.0,0.0,0.0,0.0,True,2026-06-11,
NBA,Jordan Clarkson,3PM,OVER,0.0,0.0,0.0,0.0,True,2026-06-11,
NBA,Jordan Clarkson,STL,OVER,0.0,0.0,0.0,0.0,True,2026-06-11,
NBA,Jordan Clarkson,BLK,OVER,0.0,0.0,0.0,0.0,True,2026-06-11,
NBA,Landry Shamet,PTS,OVER,0.0,0.0,0.0,0.0,True,2026-06-11,
NBA,Landry Shamet,REB,OVER,1.7,1.0,1.0,2.0,True,2026-06-11,
NBA,Landry Shamet,AST,OVER,0.8,0.0,1.0,1.0,True,2026-06-11,
NBA,Landry Shamet,3PM,OVER,0.0,0.0,0.0,0.0,True,2026-06-11,
NBA,Landry Shamet,STL,OVER,0.0,0.0,0.0,0.0,True,2026-06-11,
NBA,Landry Shamet,BLK,OVER,0.0,0.0,0.0,0.0,True,2026-06-11,
NBA,Jose Alvarado,PTS,OVER,6.8,5.0,3.0,8.0,True,2026-06-11,
NBA,Jose Alvarado,REB,OVER,1.7,1.0,1.0,2.0,True,2026-06-11,
NBA,Jose Alvarado,AST,OVER,2.5,2.0,1.0,3.0,True,2026-06-11,
NBA,Jose Alvarado,3PM,OVER,1.7,1.0,1.0,2.0,True,2026-06-11,
NBA,Jose Alvarado,STL,OVER,0.0,0.0,0.0,0.0,True,2026-06-11,
NBA,Jose Alvarado,BLK,OVER,0.0,0.0,0.0,0.0,True,2026-06-11,
NBA,Miles McBride,PTS,OVER,0.0,0.0,0.0,0.0,True,2026-06-11,
NBA,Miles McBride,REB,OVER,0.0,0.0,0.0,0.0,True,2026-06-11,
NBA,Miles McBride,AST,OVER,0.0,0.0,0.0,0.0,True,2026-06-11,
NBA,Miles McBride,3PM,OVER,0.0,0.0,0.0,0.0,True,2026-06-11,
NBA,Miles McBride,STL,OVER,0.0,0.0,0.0,0.0,True,2026-06-11,
NBA,Miles McBride,BLK,OVER,0.0,0.0,0.0,0.0,True,2026-06-11,
NBA,OG Anunoby,PTS,OVER,9.3,8.0,3.0,11.0,True,2026-06-14,
NBA,OG Anunoby,REB,OVER,6.8,5.0,3.0,8.0,True,2026-06-14,
NBA,OG Anunoby,AST,OVER,0.0,0.0,0.0,0.0,True,2026-06-14,
NBA,OG Anunoby,3PM,OVER,0.8,0.0,1.0,1.0,True,2026-06-14,
NBA,OG Anunoby,STL,OVER,2.4,2.0,1.0,3.0,True,2026-06-14,
NBA,OG Anunoby,BLK,OVER,0.8,0.0,1.0,1.0,True,2026-06-14,
NBA,Karl-Anthony Towns,PTS,OVER,1.7,1.0,1.0,2.0,True,2026-06-14,
NBA,Karl-Anthony Towns,REB,OVER,8.5,7.0,3.0,10.0,True,2026-06-14,
NBA,Karl-Anthony Towns,AST,OVER,0.8,0.0,1.0,1.0,True,2026-06-14,
NBA,Karl-Anthony Towns,3PM,OVER,0.0,0.0,0.0,0.0,True,2026-06-14,
NBA,Karl-Anthony Towns,STL,OVER,2.4,2.0,1.0,3.0,True,2026-06-14,
NBA,Karl-Anthony Towns,BLK,OVER,0.8,0.0,1.0,1.0,True,2026-06-14,
NBA,Josh Hart,PTS,OVER,11.0,9.0,4.0,13.0,True,2026-06-14,
NBA,Josh Hart,REB,OVER,9.3,8.0,3.0,11.0,True,2026-06-14,
NBA,Josh Hart,AST,OVER,1.7,1.0,1.0,2.0,True,2026-06-14,
NBA,Josh Hart,3PM,OVER,2.5,2.0,1.0,3.0,True,2026-06-14,
NBA,Josh Hart,STL,OVER,0.0,0.0,0.0,0.0,True,2026-06-14,
NBA,Josh Hart,BLK,OVER,0.0,0.0,0.0,0.0,True,2026-06-14,
NBA,Mikal Bridges,PTS,OVER,11.9,10.0,4.0,14.0,True,2026-06-14,
NBA,Mikal Bridges,REB,OVER,1.7,1.0,1.0,2.0,True,2026-06-14,
NBA,Mikal Bridges,AST,OVER,3.4,2.0,2.0,4.0,True,2026-06-14,
NBA,Mikal Bridges,3PM,OVER,2.5,2.0,1.0,3.0,True,2026-06-14,
NBA,Mikal Bridges,STL,OVER,0.0,0.0,0.0,0.0,True,2026-06-14,
NBA,Mikal Bridges,BLK,OVER,0.8,0.0,1.0,1.0,True,2026-06-14,
NBA,Jalen Brunson,PTS,OVER,38.2,33.0,12.0,45.0,True,2026-06-14,
NBA,Jalen Brunson,REB,OVER,2.5,2.0,1.0,3.0,True,2026-06-14,
NBA,Jalen Brunson,AST,OVER,2.5,2.0,1.0,3.0,True,2026-06-14,
NBA,Jalen Brunson,3PM,OVER,3.4,2.0,2.0,4.0,True,2026-06-14,
NBA,Jalen Brunson,STL,OVER,1.6,1.0,1.0,2.0,True,2026-06-14,
NBA,Jalen Brunson,BLK,OVER,0.0,0.0,0.0,0.0,True,2026-06-14,
NBA,Jeremy Sochan,PTS,OVER,0.0,0.0,0.0,0.0,True,2026-06-14,
NBA,Jeremy Sochan,REB,OVER,0.0,0.0,0.0,0.0,True,2026-06-14,
NBA,Jeremy Sochan,AST,OVER,0.0,0.0,0.0,0.0,True,2026-06-14,
NBA,Jeremy Sochan,3PM,OVER,0.0,0.0,0.0,0.0,True,2026-06-14,
NBA,Jeremy Sochan,STL,OVER,0.0,0.0,0.0,0.0,True,2026-06-14,
NBA,Jeremy Sochan,BLK,OVER,0.0,0.0,0.0,0.0,True,2026-06-14,
NBA,Mitchell Robinson,PTS,OVER,1.7,1.0,1.0,2.0,True,2026-06-14,
NBA,Mitchell Robinson,REB,OVER,8.5,7.0,3.0,10.0,True,2026-06-14,
NBA,Mitchell Robinson,AST,OVER,1.7,1.0,1.0,2.0,True,2026-06-14,
NBA,Mitchell Robinson,3PM,OVER,0.0,0.0,0.0,0.0,True,2026-06-14,
NBA,Mitchell Robinson,STL,OVER,0.0,0.0,0.0,0.0,True,2026-06-14,
NBA,Mitchell Robinson,BLK,OVER,0.0,0.0,0.0,0.0,True,2026-06-14,
NBA,Ariel Hukporti,PTS,OVER,0.0,0.0,0.0,0.0,True,2026-06-14,
NBA,Ariel Hukporti,REB,OVER,0.8,0.0,1.0,1.0,True,2026-06-14,
NBA,Ariel Hukporti,AST,OVER,0.8,0.0,1.0,1.0,True,2026-06-14,
NBA,Ariel Hukporti,3PM,OVER,0.0,0.0,0.0,0.0,True,2026-06-14,
NBA,Ariel Hukporti,STL,OVER,0.0,0.0,0.0,0.0,True,2026-06-14,
NBA,Ariel Hukporti,BLK,OVER,0.8,0.0,1.0,1.0,True,2026-06-14,
NBA,Jordan Clarkson,PTS,OVER,1.7,1.0,1.0,2.0,True,2026-06-14,
NBA,Jordan Clarkson,REB,OVER,0.8,0.0,1.0,1.0,True,2026-06-14,
NBA,Jordan Clarkson,AST,OVER,0.0,0.0,0.0,0.0,True,2026-06-14,
NBA,Jordan Clarkson,3PM,OVER,0.0,0.0,0.0,0.0,True,2026-06-14,
NBA,Jordan Clarkson,STL,OVER,0.0,0.0,0.0,0.0,True,2026-06-14,
NBA,Jordan Clarkson,BLK,OVER,0.0,0.0,0.0,0.0,True,2026-06-14,
NBA,Landry Shamet,PTS,OVER,4.2,3.0,2.0,5.0,True,2026-06-14,
NBA,Landry Shamet,REB,OVER,0.8,0.0,1.0,1.0,True,2026-06-14,
NBA,Landry Shamet,AST,OVER,0.0,0.0,0.0,0.0,True,2026-06-14,
NBA,Landry Shamet,3PM,OVER,0.8,0.0,1.0,1.0,True,2026-06-14,
NBA,Landry Shamet,STL,OVER,0.0,0.0,0.0,0.0,True,2026-06-14,
NBA,Landry Shamet,BLK,OVER,0.0,0.0,0.0,0.0,True,2026-06-14,
NBA,Jose Alvarado,PTS,OVER,0.0,0.0,0.0,0.0,True,2026-06-14,
NBA,Jose Alvarado,REB,OVER,0.8,0.0,1.0,1.0,True,2026-06-14,
NBA,Jose Alvarado,AST,OVER,0.0,0.0,0.0,0.0,True,2026-06-14,
NBA,Jose Alvarado,3PM,OVER,0.0,0.0,0.0,0.0,True,2026-06-14,
NBA,Jose Alvarado,STL,OVER,0.0,0.0,0.0,0.0,True,2026-06-14,
NBA,Jose Alvarado,BLK,OVER,0.0,0.0,0.0,0.0,True,2026-06-14,
NBA,Miles McBride,PTS,OVER,0.0,0.0,0.0,0.0,True,2026-06-14,
NBA,Miles McBride,REB,OVER,0.0,0.0,0.0,0.0,True,2026-06-14,
NBA,Miles McBride,AST,OVER,0.8,0.0,1.0,1.0,True,2026-06-14,
NBA,Miles McBride,3PM,OVER,0.0,0.0,0.0,0.0,True,2026-06-14,
NBA,Miles McBride,STL,OVER,0.0,0.0,0.0,0.0,True,2026-06-14,
NBA,Miles McBride,BLK,OVER,0.0,0.0,0.0,0.0,True,2026-06-14,
NBA,Julian Champagnie,PTS,OVER,11.9,10.0,4.0,14.0,True,2026-06-14,
NBA,Julian Champagnie,REB,OVER,6.0,5.0,2.0,7.0,True,2026-06-14,
NBA,Julian Champagnie,AST,OVER,0.8,0.0,1.0,1.0,True,2026-06-14,
NBA,Julian Champagnie,3PM,OVER,3.4,2.0,2.0,4.0,True,2026-06-14,
NBA,Julian Champagnie,STL,OVER,0.8,0.0,1.0,1.0,True,2026-06-14,
NBA,Julian Champagnie,BLK,OVER,0.0,0.0,0.0,0.0,True,2026-06-14,
NBA,Victor Wembanyama,PTS,OVER,16.1,14.0,5.0,19.0,True,2026-06-14,
NBA,Victor Wembanyama,REB,OVER,11.9,10.0,4.0,14.0,True,2026-06-14,
NBA,Victor Wembanyama,AST,OVER,1.7,1.0,1.0,2.0,True,2026-06-14,
NBA,Victor Wembanyama,3PM,OVER,0.8,0.0,1.0,1.0,True,2026-06-14,
NBA,Victor Wembanyama,STL,OVER,0.0,0.0,0.0,0.0,True,2026-06-14,
NBA,Victor Wembanyama,BLK,OVER,4.0,3.0,2.0,5.0,True,2026-06-14,
NBA,De'Aaron Fox,PTS,OVER,6.0,5.0,2.0,7.0,True,2026-06-14,
NBA,De'Aaron Fox,REB,OVER,0.0,0.0,0.0,0.0,True,2026-06-14,
NBA,De'Aaron Fox,AST,OVER,4.2,3.0,2.0,5.0,True,2026-06-14,
NBA,De'Aaron Fox,3PM,OVER,0.8,0.0,1.0,1.0,True,2026-06-14,
NBA,De'Aaron Fox,STL,OVER,1.6,1.0,1.0,2.0,True,2026-06-14,
NBA,De'Aaron Fox,BLK,OVER,0.0,0.0,0.0,0.0,True,2026-06-14,
NBA,Devin Vassell,PTS,OVER,10.2,8.0,4.0,12.0,True,2026-06-14,
NBA,Devin Vassell,REB,OVER,6.0,5.0,2.0,7.0,True,2026-06-14,
NBA,Devin Vassell,AST,OVER,1.7,1.0,1.0,2.0,True,2026-06-14,
NBA,Devin Vassell,3PM,OVER,1.7,1.0,1.0,2.0,True,2026-06-14,
NBA,Devin Vassell,STL,OVER,1.6,1.0,1.0,2.0,True,2026-06-14,
NBA,Devin Vassell,BLK,OVER,0.8,0.0,1.0,1.0,True,2026-06-14,
NBA,Stephon Castle,PTS,OVER,5.1,4.0,2.0,6.0,True,2026-06-14,
NBA,Stephon Castle,REB,OVER,4.2,3.0,2.0,5.0,True,2026-06-14,
NBA,Stephon Castle,AST,OVER,3.4,2.0,2.0,4.0,True,2026-06-14,
NBA,Stephon Castle,3PM,OVER,0.0,0.0,0.0,0.0,True,2026-06-14,
NBA,Stephon Castle,STL,OVER,0.8,0.0,1.0,1.0,True,2026-06-14,
NBA,Stephon Castle,BLK,OVER,0.0,0.0,0.0,0.0,True,2026-06-14,
NBA,Keldon Johnson,PTS,OVER,6.0,5.0,2.0,7.0,True,2026-06-14,
NBA,Keldon Johnson,REB,OVER,4.2,3.0,2.0,5.0,True,2026-06-14,
NBA,Keldon Johnson,AST,OVER,0.0,0.0,0.0,0.0,True,2026-06-14,
NBA,Keldon Johnson,3PM,OVER,1.7,1.0,1.0,2.0,True,2026-06-14,
NBA,Keldon Johnson,STL,OVER,0.0,0.0,0.0,0.0,True,2026-06-14,
NBA,Keldon Johnson,BLK,OVER,0.0,0.0,0.0,0.0,True,2026-06-14,
NBA,Carter Bryant,PTS,OVER,0.0,0.0,0.0,0.0,True,2026-06-14,
NBA,Carter Bryant,REB,OVER,1.7,1.0,1.0,2.0,True,2026-06-14,
NBA,Carter Bryant,AST,OVER,0.0,0.0,0.0,0.0,True,2026-06-14,
NBA,Carter Bryant,3PM,OVER,0.0,0.0,0.0,0.0,True,2026-06-14,
NBA,Carter Bryant,STL,OVER,0.0,0.0,0.0,0.0,True,2026-06-14,
NBA,Carter Bryant,BLK,OVER,0.0,0.0,0.0,0.0,True,2026-06-14,
NBA,Luke Kornet,PTS,OVER,0.0,0.0,0.0,0.0,True,2026-06-14,
NBA,Luke Kornet,REB,OVER,1.7,1.0,1.0,2.0,True,2026-06-14,
NBA,Luke Kornet,AST,OVER,0.0,0.0,0.0,0.0,True,2026-06-14,
NBA,Luke Kornet,3PM,OVER,0.0,0.0,0.0,0.0,True,2026-06-14,
NBA,Luke Kornet,STL,OVER,0.0,0.0,0.0,0.0,True,2026-06-14,
NBA,Luke Kornet,BLK,OVER,0.0,0.0,0.0,0.0,True,2026-06-14,
NBA,Dylan Harper,PTS,OVER,21.2,18.0,7.0,25.0,True,2026-06-14,
NBA,Dylan Harper,REB,OVER,4.2,3.0,2.0,5.0,True,2026-06-14,
NBA,Dylan Harper,AST,OVER,3.4,2.0,2.0,4.0,True,2026-06-14,
NBA,Dylan Harper,3PM,OVER,1.7,1.0,1.0,2.0,True,2026-06-14,
NBA,Dylan Harper,STL,OVER,0.0,0.0,0.0,0.0,True,2026-06-14,
NBA,Dylan Harper,BLK,OVER,0.8,0.0,1.0,1.0,True,2026-06-14,
mlb,Mookie Betts,HR,OVER,0.11,0.1,0.01,0.0,False,2026-07-19,
mlb,Shohei Ohtani,HR,OVER,0.14,0.12,0.02,0.0,False,2026-07-19,
mlb,Shohei Ohtani,R,UNDER,0.52,0.57,-0.05,1.0,False,2026-07-19,
mlb,Shohei Ohtani,RBI,OVER,0.51,0.48,0.03,2.0,True,2026-07-19,
mlb,Shohei Ohtani,SB,UNDER,0.11,0.12,-0.01,0.0,True,2026-07-19,
wnba,Allisha Gray,3PM,OVER,1.1,0.0,1.1,4.0,True,2026-07-19,
wnba,Allisha Gray,3PM,UNDER,1.1,1.1,0.0,4.0,False,2026-07-19,
wnba,Allisha Gray,AST,OVER,2.7,0.0,2.7,3.0,True,2026-07-19,
wnba,Allisha Gray,AST,UNDER,2.7,2.8,-0.1,3.0,False,2026-07-19,
wnba,Allisha Gray,BLK,OVER,0.5,0.0,0.5,0.0,False,2026-07-19,
wnba,Allisha Gray,BLK,UNDER,0.5,0.5,0.0,0.0,True,2026-07-19,
wnba,Allisha Gray,PTS,OVER,13.5,0.0,13.5,29.0,True,2026-07-19,
wnba,Allisha Gray,PTS,UNDER,13.5,14.2,-0.7,29.0,False,2026-07-19,
wnba,Allisha Gray,REB,OVER,4.5,0.0,4.5,6.0,True,2026-07-19,
wnba,Allisha Gray,REB,UNDER,4.5,4.8,-0.3,6.0,False,2026-07-19,
wnba,Allisha Gray,STL,OVER,0.9,0.0,0.9,0.0,False,2026-07-19,
wnba,Allisha Gray,STL,UNDER,0.9,0.9,0.0,0.0,True,2026-07-19,
wnba,Rhyne Howard,3PM,OVER,1.1,0.0,1.1,3.0,True,2026-07-19,
wnba,Rhyne Howard,3PM,UNDER,1.1,1.1,0.0,3.0,False,2026-07-19,
wnba,Rhyne Howard,AST,OVER,2.7,0.0,2.7,6.0,True,2026-07-19,
wnba,Rhyne Howard,AST,UNDER,2.7,2.8,-0.1,6.0,False,2026-07-19,
wnba,Rhyne Howard,BLK,OVER,0.5,0.0,0.5,3.0,True,2026-07-19,
wnba,Rhyne Howard,BLK,UNDER,0.5,0.5,0.0,3.0,False,2026-07-19,
wnba,Rhyne Howard,PTS,OVER,13.5,0.0,13.5,11.0,False,2026-07-19,
wnba,Rhyne Howard,PTS,UNDER,13.5,14.2,-0.7,11.0,True,2026-07-19,
wnba,Rhyne Howard,REB,OVER,4.5,0.0,4.5,6.0,True,2026-07-19,
wnba,Rhyne Howard,REB,UNDER,4.5,4.8,-0.3,6.0,False,2026-07-19,
wnba,Rhyne Howard,STL,OVER,0.9,0.0,0.9,0.0,False,2026-07-19,
wnba,Rhyne Howard,STL,UNDER,0.9,0.9,0.0,0.0,True,2026-07-19,
wnba,Alyssa Thomas,3PM,OVER,1.1,0.0,1.1,0.0,False,2026-07-19,
wnba,Alyssa Thomas,3PM,UNDER,1.1,1.1,0.0,0.0,True,2026-07-19,
wnba,Alyssa Thomas,AST,OVER,2.7,0.0,2.7,9.0,True,2026-07-19,
wnba,Alyssa Thomas,AST,UNDER,2.7,2.8,-0.1,9.0,False,2026-07-19,
wnba,Alyssa Thomas,BLK,OVER,0.5,0.0,0.5,1.0,True,2026-07-19,
wnba,Alyssa Thomas,BLK,UNDER,0.5,0.5,0.0,1.0,False,2026-07-19,
wnba,Alyssa Thomas,PTS,OVER,13.5,0.0,13.5,6.0,False,2026-07-19,
wnba,Alyssa Thomas,PTS,UNDER,13.5,14.2,-0.7,6.0,True,2026-07-19,
wnba,Alyssa Thomas,REB,OVER,4.5,0.0,4.5,5.0,True,2026-07-19,
wnba,Alyssa Thomas,REB,UNDER,4.5,4.8,-0.3,5.0,False,2026-07-19,
wnba,Alyssa Thomas,STL,OVER,0.9,0.0,0.9,0.0,False,2026-07-19,
wnba,Alyssa Thomas,STL,UNDER,0.9,0.9,0.0,0.0,True,2026-07-19,
wnba,Brittney Griner,3PM,OVER,1.1,0.0,1.1,0.0,False,2026-07-19,
wnba,Brittney Griner,3PM,UNDER,1.1,1.1,0.0,0.0,True,2026-07-19,
wnba,Brittney Griner,AST,OVER,2.7,0.0,2.7,0.0,False,2026-07-19,
wnba,Brittney Griner,AST,UNDER,2.7,2.8,-0.1,0.0,True,2026-07-19,
wnba,Brittney Griner,BLK,OVER,0.5,0.0,0.5,1.0,True,2026-07-19,
wnba,Brittney Griner,BLK,UNDER,0.5,0.5,0.0,1.0,False,2026-07-19,
wnba,Brittney Griner,PTS,OVER,13.5,0.0,13.5,17.0,True,2026-07-19,
wnba,Brittney Griner,PTS,UNDER,13.5,14.2,-0.7,17.0,False,2026-07-19,
wnba,Brittney Griner,REB,OVER,4.5,0.0,4.5,4.0,False,2026-07-19,
wnba,Brittney Griner,REB,UNDER,4.5,4.8,-0.3,4.0,True,2026-07-19,
wnba,Brittney Griner,STL,OVER,0.9,0.0,0.9,0.0,False,2026-07-19,
wnba,Brittney Griner,STL,UNDER,0.9,0.9,0.0,0.0,True,2026-07-19,
wnba,DeWanna Bonner,3PM,OVER,1.1,0.0,1.1,1.0,False,2026-07-19,
wnba,DeWanna Bonner,3PM,UNDER,1.1,1.1,0.0,1.0,True,2026-07-19,
wnba,DeWanna Bonner,AST,OVER,2.7,0.0,2.7,0.0,False,2026-07-19,
wnba,DeWanna Bonner,AST,UNDER,2.7,2.8,-0.1,0.0,True,2026-07-19,
wnba,DeWanna Bonner,BLK,OVER,0.5,0.0,0.5,0.0,False,2026-07-19,
wnba,DeWanna Bonner,BLK,UNDER,0.5,0.5,0.0,0.0,True,2026-07-19,
wnba,DeWanna Bonner,PTS,OVER,13.5,0.0,13.5,16.0,True,2026-07-19,
wnba,DeWanna Bonner,PTS,UNDER,13.5,14.2,-0.7,16.0,False,2026-07-19,
wnba,DeWanna Bonner,REB,OVER,4.5,0.0,4.5,4.0,False,2026-07-19,
wnba,DeWanna Bonner,REB,UNDER,4.5,4.8,-0.3,4.0,True,2026-07-19,
wnba,DeWanna Bonner,STL,OVER,0.9,0.0,0.9,1.0,True,2026-07-19,
wnba,DeWanna Bonner,STL,UNDER,0.9,0.9,0.0,1.0,False,2026-07-19,
wnba,Kahleah Copper,3PM,OVER,1.1,0.0,1.1,0.0,False,2026-07-19,
wnba,Kahleah Copper,3PM,UNDER,1.1,1.1,0.0,0.0,True,2026-07-19,
wnba,Kahleah Copper,AST,OVER,2.7,0.0,2.7,4.0,True,2026-07-19,
wnba,Kahleah Copper,AST,UNDER,2.7,2.8,-0.1,4.0,False,2026-07-19,
wnba,Kahleah Copper,BLK,OVER,0.5,0.0,0.5,1.0,True,2026-07-19,
wnba,Kahleah Copper,BLK,UNDER,0.5,0.5,0.0,1.0,False,2026-07-19,
wnba,Kahleah Copper,PTS,OVER,13.5,0.0,13.5,14.0,True,2026-07-19,
wnba,Kahleah Copper,PTS,UNDER,13.5,14.2,-0.7,14.0,False,2026-07-19,
wnba,Kahleah Copper,REB,OVER,4.5,0.0,4.5,3.0,False,2026-07-19,
wnba,Kahleah Copper,REB,UNDER,4.5,4.8,-0.3,3.0,True,2026-07-19,
wnba,Kahleah Copper,STL,OVER,0.9,0.0,0.9,1.0,True,2026-07-19,
wnba,Kahleah Copper,STL,UNDER,0.9,0.9,0.0,1.0,False,2026-07-19,
wnba,Arike Ogunbowale,3PM,OVER,1.1,0.0,1.1,1.0,False,2026-07-19,
wnba,Arike Ogunbowale,3PM,UNDER,1.1,1.1,0.0,1.0,True,2026-07-19,
wnba,Arike Ogunbowale,AST,OVER,2.7,0.0,2.7,1.0,False,2026-07-19,
wnba,Arike Ogunbowale,AST,UNDER,2.7,2.8,-0.1,1.0,True,2026-07-19,
wnba,Arike Ogunbowale,BLK,OVER,0.5,0.0,0.5,0.0,False,2026-07-19,
wnba,Arike Ogunbowale,BLK,UNDER,0.5,0.5,0.0,0.0,True,2026-07-19,
wnba,Arike Ogunbowale,PTS,OVER,13.5,0.0,13.5,20.0,True,2026-07-19,
wnba,Arike Ogunbowale,PTS,UNDER,13.5,14.2,-0.7,20.0,False,2026-07-19,
wnba,Arike Ogunbowale,REB,OVER,4.5,0.0,4.5,2.0,False,2026-07-19,
wnba,Arike Ogunbowale,REB,UNDER,4.5,4.8,-0.3,2.0,True,2026-07-19,
wnba,Arike Ogunbowale,STL,OVER,0.9,0.0,0.9,2.0,True,2026-07-19,
wnba,Arike Ogunbowale,STL,UNDER,0.9,0.9,0.0,2.0,False,2026-07-19,
wnba,Dearica Hamby,3PM,OVER,1.1,0.0,1.1,0.0,False,2026-07-19,
wnba,Dearica Hamby,3PM,UNDER,1.1,1.1,0.0,0.0,True,2026-07-19,
wnba,Dearica Hamby,AST,OVER,2.7,0.0,2.7,3.0,True,2026-07-19,
wnba,Dearica Hamby,AST,UNDER,2.7,2.8,-0.1,3.0,False,2026-07-19,
wnba,Dearica Hamby,BLK,OVER,0.5,0.0,0.5,0.0,False,2026-07-19,
wnba,Dearica Hamby,BLK,UNDER,0.5,0.5,0.0,0.0,True,2026-07-19,
wnba,Dearica Hamby,PTS,OVER,13.5,0.0,13.5,16.0,True,2026-07-19,
wnba,Dearica Hamby,PTS,UNDER,13.5,14.2,-0.7,16.0,False,2026-07-19,
wnba,Dearica Hamby,REB,OVER,4.5,0.0,4.5,5.0,True,2026-07-19,
wnba,Dearica Hamby,REB,UNDER,4.5,4.8,-0.3,5.0,False,2026-07-19,
wnba,Dearica Hamby,STL,OVER,0.9,0.0,0.9,1.0,True,2026-07-19,
wnba,Dearica Hamby,STL,UNDER,0.9,0.9,0.0,1.0,False,2026-07-19,
